{"Localidade": "Acrel\u00e2ndia", "Faixa de CEP": " 69945-000 a 69949-999"}
{"Localidade": "Assis Brasil", "Faixa de CEP": " 69935-000 a 69939-999"}
{"Localidade": "Brasil\u00e9ia", "Faixa de CEP": " 69932-000 a 69933-999"}
{"Localidade": "Bujari", "Faixa de CEP": " 69926-000 a 69926-999"}
{"Localidade": "Capixaba", "Faixa de CEP": " 69931-000 a 69931-999"}
{"Localidade": "Cruzeiro do Sul", "Faixa de CEP": " 69980-000 a 69981-999"}
{"Localidade": "Epitaciol\u00e2ndia", "Faixa de CEP": " 69934-000 a 69934-999"}
{"Localidade": "Feij\u00f3", "Faixa de CEP": " 69960-000 a 69969-999"}
{"Localidade": "Jord\u00e3o", "Faixa de CEP": " 69975-000 a 69979-999"}
{"Localidade": "M\u00e2ncio Lima", "Faixa de CEP": " 69990-000 a 69999-999"}
{"Localidade": "Manoel Urbano", "Faixa de CEP": " 69950-000 a 69954-999"}
{"Localidade": "Marechal Thaumaturgo", "Faixa de CEP": " 69983-000 a 69984-999"}
{"Localidade": "Pl\u00e1cido de Castro", "Faixa de CEP": " 69928-000 a 69929-999"}
{"Localidade": "Porto Acre", "Faixa de CEP": " 69927-000 a 69927-999"}
{"Localidade": "Porto Walter", "Faixa de CEP": " 69982-000 a 69982-999"}
{"Localidade": "Rio Branco", "Faixa de CEP": " 69900-001 a 69924-999"}
{"Localidade": "Rio Branco", "Faixa de CEP": " 69900-001 a 69923-999"}
{"Localidade": "Rodrigues Alves", "Faixa de CEP": " 69985-000 a 69989-999"}
{"Localidade": "Santa Rosa do Purus", "Faixa de CEP": " 69955-000 a 69959-999"}
{"Localidade": "Sena Madureira", "Faixa de CEP": " 69940-000 a 69944-999"}
{"Localidade": "Senador Guiomard", "Faixa de CEP": " 69925-000 a 69925-999"}
{"Localidade": "Tarauac\u00e1", "Faixa de CEP": " 69970-000 a 69974-999"}
{"Localidade": "Xapuri", "Faixa de CEP": " 69930-000 a 69930-999"}
