{"Localidade": "\u00c1gua Branca", "Faixa de CEP": " 57490-000 a 57499-999"}
{"Localidade": "Anadia", "Faixa de CEP": " 57660-000 a 57669-999"}
{"Localidade": "Arapiraca", "Faixa de CEP": " 57300-001 a 57319-999"}
{"Localidade": "Arapiraca", "Faixa de CEP": " 57300-001 a 57317-999"}
{"Localidade": "Atalaia", "Faixa de CEP": " 57690-000 a 57699-999"}
{"Localidade": "Barra de Santo Ant\u00f4nio", "Faixa de CEP": " 57925-000 a 57929-999"}
{"Localidade": "Barra de S\u00e3o Miguel", "Faixa de CEP": " 57180-000 a 57199-999"}
{"Localidade": "Batalha", "Faixa de CEP": " 57420-000 a 57424-999"}
{"Localidade": "Bel\u00e9m", "Faixa de CEP": " 57630-000 a 57634-999"}
{"Localidade": "Belo Monte", "Faixa de CEP": " 57435-000 a 57439-999"}
{"Localidade": "Boca da Mata", "Faixa de CEP": " 57680-000 a 57689-999"}
{"Localidade": "Branquinha", "Faixa de CEP": " 57830-000 a 57839-999"}
{"Localidade": "Cacimbinhas", "Faixa de CEP": " 57570-000 a 57579-999"}
{"Localidade": "Cajueiro", "Faixa de CEP": " 57770-000 a 57779-999"}
{"Localidade": "Campestre", "Faixa de CEP": " 57968-000 a 57969-999"}
{"Localidade": "Campo Alegre", "Faixa de CEP": " 57250-000 a 57254-999"}
{"Localidade": "Campo Grande", "Faixa de CEP": " 57350-000 a 57359-999"}
{"Localidade": "Canapi", "Faixa de CEP": " 57530-000 a 57534-999"}
{"Localidade": "Capela", "Faixa de CEP": " 57780-000 a 57799-999"}
{"Localidade": "Carneiros", "Faixa de CEP": " 57535-000 a 57539-999"}
{"Localidade": "Ch\u00e3 Preta", "Faixa de CEP": " 57760-000 a 57769-999"}
{"Localidade": "Coit\u00e9 do N\u00f3ia", "Faixa de CEP": " 57325-000 a 57329-999"}
{"Localidade": "Col\u00f4nia Leopoldina", "Faixa de CEP": " 57975-000 a 57979-999"}
{"Localidade": "Coqueiro Seco", "Faixa de CEP": " 57140-000 a 57149-999"}
{"Localidade": "Coruripe", "Faixa de CEP": " 57230-000 a 57239-999"}
{"Localidade": "Cra\u00edbas", "Faixa de CEP": " 57320-000 a 57324-999"}
{"Localidade": "Delmiro Gouveia", "Faixa de CEP": " 57480-000 a 57489-999"}
{"Localidade": "Dois Riachos", "Faixa de CEP": " 57560-000 a 57569-999"}
{"Localidade": "Estrela de Alagoas", "Faixa de CEP": " 57625-000 a 57629-999"}
{"Localidade": "Feira Grande", "Faixa de CEP": " 57340-000 a 57349-999"}
{"Localidade": "Feliz Deserto", "Faixa de CEP": " 57220-000 a 57229-999"}
{"Localidade": "Flexeiras", "Faixa de CEP": " 57995-000 a 57999-999"}
{"Localidade": "Girau do Ponciano", "Faixa de CEP": " 57360-000 a 57369-999"}
{"Localidade": "Ibateguara", "Faixa de CEP": " 57890-000 a 57899-999"}
{"Localidade": "Igaci", "Faixa de CEP": " 57620-000 a 57624-999"}
{"Localidade": "Igreja Nova", "Faixa de CEP": " 57280-000 a 57289-999"}
{"Localidade": "Inhapi", "Faixa de CEP": " 57545-000 a 57549-999"}
{"Localidade": "Jacar\u00e9 dos Homens", "Faixa de CEP": " 57430-000 a 57434-999"}
{"Localidade": "Jacu\u00edpe", "Faixa de CEP": " 57960-000 a 57964-999"}
{"Localidade": "Japaratinga", "Faixa de CEP": " 57950-000 a 57954-999"}
{"Localidade": "Jaramataia", "Faixa de CEP": " 57425-000 a 57429-999"}
{"Localidade": "Jequi\u00e1 da Praia", "Faixa de CEP": " 57255-000 a 57256-999"}
{"Localidade": "Joaquim Gomes", "Faixa de CEP": " 57980-000 a 57989-999"}
{"Localidade": "Jundi\u00e1", "Faixa de CEP": " 57965-000 a 57967-999"}
{"Localidade": "Junqueiro", "Faixa de CEP": " 57270-000 a 57274-999"}
{"Localidade": "Lagoa da Canoa", "Faixa de CEP": " 57330-000 a 57339-999"}
{"Localidade": "Limoeiro de Anadia", "Faixa de CEP": " 57260-000 a 57264-999"}
{"Localidade": "Macei\u00f3", "Faixa de CEP": " 57000-001 a 57099-999"}
{"Localidade": "Macei\u00f3", "Faixa de CEP": " 57000-001 a 57099-999"}
{"Localidade": "Major Isidoro", "Faixa de CEP": " 57580-000 a 57599-999"}
{"Localidade": "Mar Vermelho", "Faixa de CEP": " 57730-000 a 57739-999"}
{"Localidade": "Maragogi", "Faixa de CEP": " 57955-000 a 57959-999"}
{"Localidade": "Maravilha", "Faixa de CEP": " 57520-000 a 57524-999"}
{"Localidade": "Marechal Deodoro", "Faixa de CEP": " 57160-000 a 57179-999"}
{"Localidade": "Maribondo", "Faixa de CEP": " 57670-000 a 57679-999"}
{"Localidade": "Mata Grande", "Faixa de CEP": " 57540-000 a 57544-999"}
{"Localidade": "Matriz de Camaragibe", "Faixa de CEP": " 57910-000 a 57919-999"}
{"Localidade": "Messias", "Faixa de CEP": " 57990-000 a 57994-999"}
{"Localidade": "Minador do Negr\u00e3o", "Faixa de CEP": " 57615-000 a 57619-999"}
{"Localidade": "Monteir\u00f3polis", "Faixa de CEP": " 57440-000 a 57441-999"}
{"Localidade": "Murici", "Faixa de CEP": " 57820-000 a 57829-999"}
{"Localidade": "Novo Lino", "Faixa de CEP": " 57970-000 a 57974-999"}
{"Localidade": "Olho D'\u00c1gua das Flores", "Faixa de CEP": " 57442-000 a 57444-999"}
{"Localidade": "Olho D'\u00c1gua do Casado", "Faixa de CEP": " 57470-000 a 57474-999"}
{"Localidade": "Olho D'\u00c1gua Grande", "Faixa de CEP": " 57390-000 a 57399-999"}
{"Localidade": "Oliven\u00e7a", "Faixa de CEP": " 57550-000 a 57559-999"}
{"Localidade": "Ouro Branco", "Faixa de CEP": " 57525-000 a 57529-999"}
{"Localidade": "Palestina", "Faixa de CEP": " 57410-000 a 57419-999"}
{"Localidade": "Palmeira dos \u00cdndios", "Faixa de CEP": " 57600-001 a 57614-999"}
{"Localidade": "Palmeira dos \u00cdndios", "Faixa de CEP": " 57600-001 a 57609-999"}
{"Localidade": "P\u00e3o de A\u00e7\u00facar", "Faixa de CEP": " 57400-000 a 57409-999"}
{"Localidade": "Pariconha", "Faixa de CEP": " 57475-000 a 57479-999"}
{"Localidade": "Paripueira", "Faixa de CEP": " 57935-000 a 57939-999"}
{"Localidade": "Passo de Camaragibe", "Faixa de CEP": " 57930-000 a 57934-999"}
{"Localidade": "Paulo Jacinto", "Faixa de CEP": " 57740-000 a 57749-999"}
{"Localidade": "Penedo", "Faixa de CEP": " 57200-000 a 57209-999"}
{"Localidade": "Pia\u00e7abu\u00e7u", "Faixa de CEP": " 57210-000 a 57219-999"}
{"Localidade": "Pilar", "Faixa de CEP": " 57150-000 a 57159-999"}
{"Localidade": "Pindoba", "Faixa de CEP": " 57720-000 a 57729-999"}
{"Localidade": "Piranhas", "Faixa de CEP": " 57460-000 a 57469-999"}
{"Localidade": "Po\u00e7o das Trincheiras", "Faixa de CEP": " 57510-000 a 57514-999"}
{"Localidade": "Porto Calvo", "Faixa de CEP": " 57900-000 a 57909-999"}
{"Localidade": "Porto de Pedras", "Faixa de CEP": " 57945-000 a 57949-999"}
{"Localidade": "Porto Real do Col\u00e9gio", "Faixa de CEP": " 57290-000 a 57299-999"}
{"Localidade": "Quebrangulo", "Faixa de CEP": " 57750-000 a 57759-999"}
{"Localidade": "Rio Largo", "Faixa de CEP": " 57100-000 a 57119-999"}
{"Localidade": "Roteiro", "Faixa de CEP": " 57257-000 a 57259-999"}
{"Localidade": "Santa Luzia do Norte", "Faixa de CEP": " 57130-000 a 57139-999"}
{"Localidade": "Santana do Ipanema", "Faixa de CEP": " 57500-000 a 57509-999"}
{"Localidade": "Santana do Munda\u00fa", "Faixa de CEP": " 57840-000 a 57859-999"}
{"Localidade": "S\u00e3o Br\u00e1s", "Faixa de CEP": " 57380-000 a 57389-999"}
{"Localidade": "S\u00e3o Jos\u00e9 da Laje", "Faixa de CEP": " 57860-000 a 57889-999"}
{"Localidade": "S\u00e3o Jos\u00e9 da Tapera", "Faixa de CEP": " 57445-000 a 57459-999"}
{"Localidade": "S\u00e3o Lu\u00eds do Quitunde", "Faixa de CEP": " 57920-000 a 57924-999"}
{"Localidade": "S\u00e3o Miguel dos Campos", "Faixa de CEP": " 57240-001 a 57249-999"}
{"Localidade": "S\u00e3o Miguel dos Campos", "Faixa de CEP": " 57240-001 a 57249-999"}
{"Localidade": "S\u00e3o Miguel dos Milagres", "Faixa de CEP": " 57940-000 a 57944-999"}
{"Localidade": "S\u00e3o Sebasti\u00e3o", "Faixa de CEP": " 57275-000 a 57279-999"}
{"Localidade": "Satuba", "Faixa de CEP": " 57120-000 a 57129-999"}
{"Localidade": "Senador Rui Palmeira", "Faixa de CEP": " 57515-000 a 57519-999"}
