{"Localidade": "Alvar\u00e3es", "Faixa de CEP": " 69540-000 a 69549-999"}
{"Localidade": "Amatur\u00e1", "Faixa de CEP": " 69620-000 a 69629-999"}
{"Localidade": "Anam\u00e3", "Faixa de CEP": " 69445-000 a 69449-999"}
{"Localidade": "Anori", "Faixa de CEP": " 69440-000 a 69444-999"}
{"Localidade": "Apu\u00ed", "Faixa de CEP": " 69265-000 a 69279-999"}
{"Localidade": "Atalaia do Norte", "Faixa de CEP": " 69650-000 a 69659-999"}
{"Localidade": "Autazes", "Faixa de CEP": " 69240-000 a 69249-999"}
{"Localidade": "Barcelos", "Faixa de CEP": " 69700-000 a 69729-999"}
{"Localidade": "Barreirinha", "Faixa de CEP": " 69160-000 a 69179-999"}
{"Localidade": "Benjamin Constant", "Faixa de CEP": " 69630-000 a 69639-999"}
{"Localidade": "Beruri", "Faixa de CEP": " 69430-000 a 69434-999"}
{"Localidade": "Boa Vista do Ramos", "Faixa de CEP": " 69195-000 a 69199-999"}
{"Localidade": "Boca do Acre", "Faixa de CEP": " 69850-000 a 69859-999"}
{"Localidade": "Borba", "Faixa de CEP": " 69200-000 a 69229-999"}
{"Localidade": "Caapiranga", "Faixa de CEP": " 69425-000 a 69429-999"}
{"Localidade": "Canutama", "Faixa de CEP": " 69820-000 a 69829-999"}
{"Localidade": "Carauari", "Faixa de CEP": " 69500-000 a 69509-999"}
{"Localidade": "Careiro", "Faixa de CEP": " 69250-000 a 69254-999"}
{"Localidade": "Careiro da V\u00e1rzea", "Faixa de CEP": " 69255-000 a 69259-999"}
{"Localidade": "Coari", "Faixa de CEP": " 69460-000 a 69469-999"}
{"Localidade": "Codaj\u00e1s", "Faixa de CEP": " 69450-000 a 69459-999"}
{"Localidade": "Eirunep\u00e9", "Faixa de CEP": " 69880-000 a 69889-999"}
{"Localidade": "Envira", "Faixa de CEP": " 69870-000 a 69879-999"}
{"Localidade": "Fonte Boa", "Faixa de CEP": " 69670-000 a 69679-999"}
{"Localidade": "Guajar\u00e1", "Faixa de CEP": " 69895-000 a 69899-999"}
{"Localidade": "Humait\u00e1", "Faixa de CEP": " 69800-000 a 69819-999"}
{"Localidade": "Ipixuna", "Faixa de CEP": " 69890-000 a 69894-999"}
{"Localidade": "Iranduba", "Faixa de CEP": " 69415-000 a 69424-999"}
{"Localidade": "Itacoatiara", "Faixa de CEP": " 69100-001 a 69113-999"}
{"Localidade": "Itacoatiara", "Faixa de CEP": " 69100-001 a 69109-999"}
{"Localidade": "Itamarati", "Faixa de CEP": " 69510-000 a 69519-999"}
{"Localidade": "Itapiranga", "Faixa de CEP": " 69120-000 a 69129-999"}
{"Localidade": "Japur\u00e1", "Faixa de CEP": " 69495-000 a 69499-999"}
{"Localidade": "Juru\u00e1", "Faixa de CEP": " 69520-000 a 69529-999"}
{"Localidade": "Juta\u00ed", "Faixa de CEP": " 69660-000 a 69669-999"}
{"Localidade": "L\u00e1brea", "Faixa de CEP": " 69830-000 a 69849-999"}
{"Localidade": "Manacapuru", "Faixa de CEP": " 69400-001 a 69414-999"}
{"Localidade": "Manacapuru", "Faixa de CEP": " 69400-001 a 69409-999"}
{"Localidade": "Manaquiri", "Faixa de CEP": " 69435-000 a 69439-999"}
{"Localidade": "Manaus", "Faixa de CEP": " 69000-001 a 69099-999"}
{"Localidade": "Manaus", "Faixa de CEP": " 69000-001 a 69099-999"}
{"Localidade": "Manicor\u00e9", "Faixa de CEP": " 69280-000 a 69299-999"}
{"Localidade": "Mara\u00e3", "Faixa de CEP": " 69490-000 a 69494-999"}
{"Localidade": "Mau\u00e9s", "Faixa de CEP": " 69190-000 a 69194-999"}
{"Localidade": "Nhamund\u00e1", "Faixa de CEP": " 69140-000 a 69149-999"}
{"Localidade": "Nova Olinda do Norte", "Faixa de CEP": " 69230-000 a 69239-999"}
{"Localidade": "Novo Air\u00e3o", "Faixa de CEP": " 69730-000 a 69734-999"}
{"Localidade": "Novo Aripuan\u00e3", "Faixa de CEP": " 69260-000 a 69264-999"}
{"Localidade": "Parintins", "Faixa de CEP": " 69150-001 a 69159-999"}
{"Localidade": "Parintins", "Faixa de CEP": " 69150-001 a 69157-999"}
{"Localidade": "Pauini", "Faixa de CEP": " 69860-000 a 69869-999"}
{"Localidade": "Presidente Figueiredo", "Faixa de CEP": " 69735-000 a 69739-999"}
{"Localidade": "Rio Preto da Eva", "Faixa de CEP": " 69117-000 a 69119-999"}
{"Localidade": "Santa Isabel do Rio Negro", "Faixa de CEP": " 69740-000 a 69749-999"}
{"Localidade": "Santo Ant\u00f4nio do I\u00e7\u00e1", "Faixa de CEP": " 69680-000 a 69684-999"}
{"Localidade": "S\u00e3o Gabriel da Cachoeira", "Faixa de CEP": " 69750-000 a 69799-999"}
{"Localidade": "S\u00e3o Paulo de Oliven\u00e7a", "Faixa de CEP": " 69600-000 a 69619-999"}
{"Localidade": "S\u00e3o Sebasti\u00e3o do Uatum\u00e3", "Faixa de CEP": " 69135-000 a 69139-999"}
{"Localidade": "Silves", "Faixa de CEP": " 69114-000 a 69116-999"}
{"Localidade": "Tabatinga", "Faixa de CEP": " 69640-000 a 69649-999"}
{"Localidade": "Tapau\u00e1", "Faixa de CEP": " 69480-000 a 69484-999"}
{"Localidade": "Tef\u00e9", "Faixa de CEP": " 69550-001 a 69559-999"}
{"Localidade": "Tef\u00e9", "Faixa de CEP": " 69550-001 a 69558-999"}
{"Localidade": "Tonantins", "Faixa de CEP": " 69685-000 a 69699-999"}
{"Localidade": "Uarini", "Faixa de CEP": " 69530-000 a 69539-999"}
{"Localidade": "Urucar\u00e1", "Faixa de CEP": " 69130-000 a 69134-999"}
{"Localidade": "Urucurituba", "Faixa de CEP": " 69180-000 a 69189-999"}
