{"Localidade": "Amap\u00e1", "Faixa de CEP": " 68950-000 a 68959-999"}
{"Localidade": "Cal\u00e7oene", "Faixa de CEP": " 68960-000 a 68972-999"}
{"Localidade": "Cutias", "Faixa de CEP": " 68973-000 a 68975-999"}
{"Localidade": "Ferreira Gomes", "Faixa de CEP": " 68915-000 a 68917-999"}
{"Localidade": "Itaubal", "Faixa de CEP": " 68976-000 a 68979-999"}
{"Localidade": "Laranjal do Jari", "Faixa de CEP": " 68920-000 a 68923-999"}
{"Localidade": "Macap\u00e1", "Faixa de CEP": " 68900-001 a 68914-999"}
{"Localidade": "Macap\u00e1", "Faixa de CEP": " 68900-001 a 68911-999"}
{"Localidade": "Mazag\u00e3o", "Faixa de CEP": " 68940-000 a 68944-999"}
{"Localidade": "Oiapoque", "Faixa de CEP": " 68980-000 a 68989-999"}
{"Localidade": "Pedra Branca do Amapar\u00ed", "Faixa de CEP": " 68945-000 a 68947-999"}
{"Localidade": "Porto Grande", "Faixa de CEP": " 68997-000 a 68999-999"}
{"Localidade": "Pracu\u00faba", "Faixa de CEP": " 68918-000 a 68919-999"}
{"Localidade": "Santana", "Faixa de CEP": " 68925-001 a 68939-999"}
{"Localidade": "Santana", "Faixa de CEP": " 68925-001 a 68939-999"}
{"Localidade": "Serra do Navio", "Faixa de CEP": " 68948-000 a 68949-999"}
{"Localidade": "Tartarugalzinho", "Faixa de CEP": " 68990-000 a 68996-999"}
{"Localidade": "Vit\u00f3ria do Jari", "Faixa de CEP": " 68924-000 a 68924-999"}
