{"Localidade": "Aba\u00edra", "Faixa de CEP": " 46690-000 a 46699-999"}
{"Localidade": "Abar\u00e9", "Faixa de CEP": " 48680-000 a 48699-999"}
{"Localidade": "Acajutiba", "Faixa de CEP": " 48360-000 a 48369-999"}
{"Localidade": "Adustina", "Faixa de CEP": " 48435-000 a 48439-999"}
{"Localidade": "\u00c1gua Fria", "Faixa de CEP": " 48170-000 a 48179-999"}
{"Localidade": "Aiquara", "Faixa de CEP": " 45220-000 a 45224-999"}
{"Localidade": "Alagoinhas", "Faixa de CEP": " 48000-001 a 48107-999"}
{"Localidade": "Alagoinhas", "Faixa de CEP": " 48000-001 a 48099-999"}
{"Localidade": "Alcoba\u00e7a", "Faixa de CEP": " 45910-000 a 45919-999"}
{"Localidade": "Almadina", "Faixa de CEP": " 45640-000 a 45644-999"}
{"Localidade": "Amargosa", "Faixa de CEP": " 45300-000 a 45304-999"}
{"Localidade": "Am\u00e9lia Rodrigues", "Faixa de CEP": " 44230-000 a 44244-999"}
{"Localidade": "Am\u00e9rica Dourada", "Faixa de CEP": " 44910-000 a 44914-999"}
{"Localidade": "Anag\u00e9", "Faixa de CEP": " 45180-000 a 45189-999"}
{"Localidade": "Andara\u00ed", "Faixa de CEP": " 46830-000 a 46834-999"}
{"Localidade": "Andorinha", "Faixa de CEP": " 48990-000 a 48999-999"}
{"Localidade": "Angical", "Faixa de CEP": " 47960-000 a 47969-999"}
{"Localidade": "Anguera", "Faixa de CEP": " 44670-000 a 44679-999"}
{"Localidade": "Antas", "Faixa de CEP": " 48420-000 a 48429-999"}
{"Localidade": "Ant\u00f4nio Cardoso", "Faixa de CEP": " 44180-000 a 44189-999"}
{"Localidade": "Ant\u00f4nio Gon\u00e7alves", "Faixa de CEP": " 44780-000 a 44789-999"}
{"Localidade": "Apor\u00e1", "Faixa de CEP": " 48350-000 a 48359-999"}
{"Localidade": "Apuarema", "Faixa de CEP": " 45355-000 a 45359-999"}
{"Localidade": "Ara\u00e7\u00e1s", "Faixa de CEP": " 48108-000 a 48109-999"}
{"Localidade": "Aracatu", "Faixa de CEP": " 46130-000 a 46139-999"}
{"Localidade": "Araci", "Faixa de CEP": " 48760-000 a 48769-999"}
{"Localidade": "Aramari", "Faixa de CEP": " 48130-000 a 48139-999"}
{"Localidade": "Arataca", "Faixa de CEP": " 45695-000 a 45699-999"}
{"Localidade": "Aratu\u00edpe", "Faixa de CEP": " 44490-000 a 44499-999"}
{"Localidade": "Aurelino Leal", "Faixa de CEP": " 45675-000 a 45679-999"}
{"Localidade": "Baian\u00f3polis", "Faixa de CEP": " 47830-000 a 47844-999"}
{"Localidade": "Baixa Grande", "Faixa de CEP": " 44620-000 a 44629-999"}
{"Localidade": "Banza\u00ea", "Faixa de CEP": " 48405-000 a 48409-999"}
{"Localidade": "Barra", "Faixa de CEP": " 47100-000 a 47114-999"}
{"Localidade": "Barra da Estiva", "Faixa de CEP": " 46650-000 a 46669-999"}
{"Localidade": "Barra do Cho\u00e7a", "Faixa de CEP": " 45120-000 a 45129-999"}
{"Localidade": "Barra do Mendes", "Faixa de CEP": " 44990-000 a 44999-999"}
{"Localidade": "Barra do Rocha", "Faixa de CEP": " 45560-000 a 45569-999"}
{"Localidade": "Barreiras", "Faixa de CEP": " 47800-001 a 47819-999"}
{"Localidade": "Barreiras", "Faixa de CEP": " 47800-001 a 47819-999"}
{"Localidade": "Barro Alto", "Faixa de CEP": " 44895-000 a 44899-999"}
{"Localidade": "Barro Preto", "Faixa de CEP": " 45625-000 a 45629-999"}
{"Localidade": "Barrocas", "Faixa de CEP": " 48705-000 a 48709-999"}
{"Localidade": "Belmonte", "Faixa de CEP": " 45800-000 a 45806-999"}
{"Localidade": "Belo Campo", "Faixa de CEP": " 45160-000 a 45169-999"}
{"Localidade": "Biritinga", "Faixa de CEP": " 48780-000 a 48789-999"}
{"Localidade": "Boa Nova", "Faixa de CEP": " 45250-000 a 45254-999"}
{"Localidade": "Boa Vista do Tupim", "Faixa de CEP": " 46850-000 a 46859-999"}
{"Localidade": "Bom Jesus da Lapa", "Faixa de CEP": " 47600-000 a 47609-999"}
{"Localidade": "Bom Jesus da Serra", "Faixa de CEP": " 45263-000 a 45264-999"}
{"Localidade": "Boninal", "Faixa de CEP": " 46740-000 a 46749-999"}
{"Localidade": "Bonito", "Faixa de CEP": " 46820-000 a 46824-999"}
{"Localidade": "Boquira", "Faixa de CEP": " 46530-000 a 46539-999"}
{"Localidade": "Botupor\u00e3", "Faixa de CEP": " 46570-000 a 46574-999"}
{"Localidade": "Brej\u00f5es", "Faixa de CEP": " 45325-000 a 45329-999"}
{"Localidade": "Brejol\u00e2ndia", "Faixa de CEP": " 47750-000 a 47759-999"}
{"Localidade": "Brotas de Maca\u00fabas", "Faixa de CEP": " 47560-000 a 47579-999"}
{"Localidade": "Brumado", "Faixa de CEP": " 46100-000 a 46109-999"}
{"Localidade": "Buerarema", "Faixa de CEP": " 45615-000 a 45619-999"}
{"Localidade": "Buritirama", "Faixa de CEP": " 47120-000 a 47149-999"}
{"Localidade": "Caatiba", "Faixa de CEP": " 45130-000 a 45139-999"}
{"Localidade": "Cabaceiras do Paragua\u00e7u", "Faixa de CEP": " 44345-000 a 44349-999"}
{"Localidade": "Cachoeira", "Faixa de CEP": " 44300-000 a 44319-999"}
{"Localidade": "Cacul\u00e9", "Faixa de CEP": " 46300-000 a 46309-999"}
{"Localidade": "Ca\u00e9m", "Faixa de CEP": " 44730-000 a 44739-999"}
{"Localidade": "Caetanos", "Faixa de CEP": " 45265-000 a 45269-999"}
{"Localidade": "Caetit\u00e9", "Faixa de CEP": " 46400-000 a 46424-999"}
{"Localidade": "Cafarnaum", "Faixa de CEP": " 44880-000 a 44884-999"}
{"Localidade": "Cairu", "Faixa de CEP": " 45420-000 a 45429-999"}
{"Localidade": "Caldeir\u00e3o Grande", "Faixa de CEP": " 44750-000 a 44754-999"}
{"Localidade": "Camacan", "Faixa de CEP": " 45880-000 a 45889-999"}
{"Localidade": "Cama\u00e7ari", "Faixa de CEP": " 42800-001 a 42849-999"}
{"Localidade": "Cama\u00e7ari", "Faixa de CEP": " 42800-001 a 42849-999"}
{"Localidade": "Camamu", "Faixa de CEP": " 45445-000 a 45449-999"}
{"Localidade": "Campo Alegre de Lourdes", "Faixa de CEP": " 47220-000 a 47239-999"}
{"Localidade": "Campo Formoso", "Faixa de CEP": " 44790-000 a 44797-999"}
{"Localidade": "Can\u00e1polis", "Faixa de CEP": " 47730-000 a 47739-999"}
{"Localidade": "Canarana", "Faixa de CEP": " 44890-000 a 44894-999"}
{"Localidade": "Canavieiras", "Faixa de CEP": " 45860-000 a 45864-999"}
{"Localidade": "Candeal", "Faixa de CEP": " 48710-000 a 48719-999"}
{"Localidade": "Candeias", "Faixa de CEP": " 43800-001 a 43849-999"}
{"Localidade": "Candeias", "Faixa de CEP": " 43800-001 a 43839-999"}
{"Localidade": "Candiba", "Faixa de CEP": " 46380-000 a 46389-999"}
{"Localidade": "C\u00e2ndido Sales", "Faixa de CEP": " 45157-000 a 45159-999"}
{"Localidade": "Cansan\u00e7\u00e3o", "Faixa de CEP": " 48840-000 a 48849-999"}
{"Localidade": "Canudos", "Faixa de CEP": " 48520-000 a 48539-999"}
{"Localidade": "Capela do Alto Alegre", "Faixa de CEP": " 44645-000 a 44649-999"}
{"Localidade": "Capim Grosso", "Faixa de CEP": " 44695-000 a 44697-999"}
{"Localidade": "Cara\u00edbas", "Faixa de CEP": " 45177-000 a 45179-999"}
{"Localidade": "Caravelas", "Faixa de CEP": " 45900-000 a 45909-999"}
{"Localidade": "Cardeal da Silva", "Faixa de CEP": " 48390-000 a 48399-999"}
{"Localidade": "Carinhanha", "Faixa de CEP": " 46445-000 a 46445-999"}
{"Localidade": "Casa Nova", "Faixa de CEP": " 47300-000 a 47349-999"}
{"Localidade": "Castro Alves", "Faixa de CEP": " 44500-000 a 44519-999"}
{"Localidade": "Catol\u00e2ndia", "Faixa de CEP": " 47845-000 a 47849-999"}
{"Localidade": "Catu", "Faixa de CEP": " 48110-000 a 48119-999"}
{"Localidade": "Caturama", "Faixa de CEP": " 46575-000 a 46579-999"}
{"Localidade": "Central", "Faixa de CEP": " 44940-000 a 44949-999"}
{"Localidade": "Chorroch\u00f3", "Faixa de CEP": " 48660-000 a 48679-999"}
{"Localidade": "C\u00edcero Dantas", "Faixa de CEP": " 48410-000 a 48414-999"}
