{"Localidade": "Abaiara", "Faixa de CEP": " 63240-000 a 63249-999"}
{"Localidade": "Acarape", "Faixa de CEP": " 62785-000 a 62789-999"}
{"Localidade": "Acara\u00fa", "Faixa de CEP": " 62580-000 a 62589-999"}
{"Localidade": "Acopiara", "Faixa de CEP": " 63560-000 a 63569-999"}
{"Localidade": "Aiuaba", "Faixa de CEP": " 63575-000 a 63579-999"}
{"Localidade": "Alc\u00e2ntaras", "Faixa de CEP": " 62120-000 a 62129-999"}
{"Localidade": "Altaneira", "Faixa de CEP": " 63195-000 a 63199-999"}
{"Localidade": "Alto Santo", "Faixa de CEP": " 62970-000 a 62979-999"}
{"Localidade": "Amontada", "Faixa de CEP": " 62540-000 a 62549-999"}
{"Localidade": "Antonina do Norte", "Faixa de CEP": " 63570-000 a 63574-999"}
{"Localidade": "Apuiar\u00e9s", "Faixa de CEP": " 62630-000 a 62639-999"}
{"Localidade": "Aquiraz", "Faixa de CEP": " 61700-000 a 61759-999"}
{"Localidade": "Aracati", "Faixa de CEP": " 62800-000 a 62809-999"}
{"Localidade": "Aracoiaba", "Faixa de CEP": " 62750-000 a 62754-999"}
{"Localidade": "Ararend\u00e1", "Faixa de CEP": " 62210-000 a 62214-999"}
{"Localidade": "Araripe", "Faixa de CEP": " 63170-000 a 63179-999"}
{"Localidade": "Aratuba", "Faixa de CEP": " 62762-000 a 62763-999"}
{"Localidade": "Arneiroz", "Faixa de CEP": " 63670-000 a 63679-999"}
{"Localidade": "Assar\u00e9", "Faixa de CEP": " 63140-000 a 63144-999"}
{"Localidade": "Aurora", "Faixa de CEP": " 63360-000 a 63379-999"}
{"Localidade": "Baixio", "Faixa de CEP": " 63320-000 a 63339-999"}
{"Localidade": "Banabui\u00fa", "Faixa de CEP": " 63960-000 a 63969-999"}
{"Localidade": "Barbalha", "Faixa de CEP": " 63180-000 a 63184-999"}
{"Localidade": "Barreira", "Faixa de CEP": " 62795-000 a 62799-999"}
{"Localidade": "Barro", "Faixa de CEP": " 63380-000 a 63399-999"}
{"Localidade": "Barroquinha", "Faixa de CEP": " 62410-000 a 62419-999"}
{"Localidade": "Baturit\u00e9", "Faixa de CEP": " 62760-000 a 62761-999"}
{"Localidade": "Beberibe", "Faixa de CEP": " 62840-000 a 62849-999"}
{"Localidade": "Bela Cruz", "Faixa de CEP": " 62570-000 a 62579-999"}
{"Localidade": "Boa Viagem", "Faixa de CEP": " 63870-000 a 63899-999"}
{"Localidade": "Brejo Santo", "Faixa de CEP": " 63260-000 a 63269-999"}
{"Localidade": "Camocim", "Faixa de CEP": " 62400-000 a 62409-999"}
{"Localidade": "Campos Sales", "Faixa de CEP": " 63150-000 a 63154-999"}
{"Localidade": "Canind\u00e9", "Faixa de CEP": " 62700-000 a 62719-999"}
{"Localidade": "Capistrano", "Faixa de CEP": " 62748-000 a 62749-999"}
{"Localidade": "Caridade", "Faixa de CEP": " 62730-000 a 62735-999"}
{"Localidade": "Carir\u00e9", "Faixa de CEP": " 62184-000 a 62189-999"}
{"Localidade": "Cariria\u00e7u", "Faixa de CEP": " 63220-000 a 63229-999"}
{"Localidade": "Cari\u00fas", "Faixa de CEP": " 63530-000 a 63539-999"}
{"Localidade": "Carnaubal", "Faixa de CEP": " 62375-000 a 62379-999"}
{"Localidade": "Cascavel", "Faixa de CEP": " 62850-000 a 62859-999"}
{"Localidade": "Catarina", "Faixa de CEP": " 63595-000 a 63599-999"}
{"Localidade": "Catunda", "Faixa de CEP": " 62297-000 a 62299-999"}
{"Localidade": "Caucaia", "Faixa de CEP": " 61600-001 a 61699-999"}
{"Localidade": "Caucaia", "Faixa de CEP": " 61600-001 a 61676-999"}
{"Localidade": "Cedro", "Faixa de CEP": " 63400-000 a 63429-999"}
{"Localidade": "Chaval", "Faixa de CEP": " 62420-000 a 62429-999"}
{"Localidade": "Chor\u00f3", "Faixa de CEP": " 63950-000 a 63959-999"}
{"Localidade": "Chorozinho", "Faixa de CEP": " 62875-000 a 62879-999"}
{"Localidade": "Corea\u00fa", "Faixa de CEP": " 62160-000 a 62169-999"}
{"Localidade": "Crate\u00fas", "Faixa de CEP": " 63700-001 a 63739-999"}
{"Localidade": "Crate\u00fas", "Faixa de CEP": " 63700-001 a 63709-999"}
{"Localidade": "Crato", "Faixa de CEP": " 63100-001 a 63139-999"}
{"Localidade": "Crato", "Faixa de CEP": " 63100-001 a 63135-999"}
{"Localidade": "Croat\u00e1", "Faixa de CEP": " 62390-000 a 62399-999"}
{"Localidade": "Cruz", "Faixa de CEP": " 62595-000 a 62597-999"}
{"Localidade": "Deputado Irapuan Pinheiro", "Faixa de CEP": " 63645-000 a 63649-999"}
{"Localidade": "Erer\u00ea", "Faixa de CEP": " 63470-000 a 63474-999"}
{"Localidade": "Eus\u00e9bio", "Faixa de CEP": " 61760-000 a 61799-999"}
{"Localidade": "Farias Brito", "Faixa de CEP": " 63185-000 a 63189-999"}
{"Localidade": "Forquilha", "Faixa de CEP": " 62115-000 a 62119-999"}
{"Localidade": "Fortaleza", "Faixa de CEP": " 60000-001 a 61599-999"}
{"Localidade": "Fortaleza", "Faixa de CEP": " 60000-001 a 61599-999"}
{"Localidade": "Fortim", "Faixa de CEP": " 62815-000 a 62819-999"}
{"Localidade": "Frecheirinha", "Faixa de CEP": " 62340-000 a 62349-999"}
{"Localidade": "General Sampaio", "Faixa de CEP": " 62738-000 a 62739-999"}
{"Localidade": "Gra\u00e7a", "Faixa de CEP": " 62365-000 a 62369-999"}
{"Localidade": "Granja", "Faixa de CEP": " 62430-000 a 62449-999"}
{"Localidade": "Granjeiro", "Faixa de CEP": " 63230-000 a 63239-999"}
{"Localidade": "Groairas", "Faixa de CEP": " 62190-000 a 62199-999"}
{"Localidade": "Guai\u00faba", "Faixa de CEP": " 61890-000 a 61899-999"}
{"Localidade": "Guaraciaba do Norte", "Faixa de CEP": " 62380-000 a 62389-999"}
{"Localidade": "Guaramiranga", "Faixa de CEP": " 62766-000 a 62769-999"}
{"Localidade": "Hidrol\u00e2ndia", "Faixa de CEP": " 62270-000 a 62279-999"}
{"Localidade": "Horizonte", "Faixa de CEP": " 62880-001 a 62899-999"}
{"Localidade": "Horizonte", "Faixa de CEP": " 62880-001 a 62896-999"}
{"Localidade": "Ibaretama", "Faixa de CEP": " 63970-000 a 63999-999"}
{"Localidade": "Ibiapina", "Faixa de CEP": " 62360-000 a 62364-999"}
{"Localidade": "Ibicuitinga", "Faixa de CEP": " 62955-000 a 62959-999"}
{"Localidade": "Icapu\u00ed", "Faixa de CEP": " 62810-000 a 62814-999"}
{"Localidade": "Ic\u00f3", "Faixa de CEP": " 63430-000 a 63459-999"}
{"Localidade": "Iguatu", "Faixa de CEP": " 63500-001 a 63514-999"}
{"Localidade": "Iguatu", "Faixa de CEP": " 63500-001 a 63514-999"}
{"Localidade": "Independ\u00eancia", "Faixa de CEP": " 63640-000 a 63644-999"}
{"Localidade": "Ipaporanga", "Faixa de CEP": " 62215-000 a 62219-999"}
{"Localidade": "Ipaumirim", "Faixa de CEP": " 63340-000 a 63359-999"}
{"Localidade": "Ipu", "Faixa de CEP": " 62250-000 a 62254-999"}
{"Localidade": "Ipueiras", "Faixa de CEP": " 62230-000 a 62249-999"}
{"Localidade": "Iracema", "Faixa de CEP": " 62980-000 a 62989-999"}
{"Localidade": "Irau\u00e7uba", "Faixa de CEP": " 62620-000 a 62629-999"}
{"Localidade": "Itai\u00e7aba", "Faixa de CEP": " 62820-000 a 62822-999"}
{"Localidade": "Itaitinga", "Faixa de CEP": " 61880-000 a 61889-999"}
{"Localidade": "Itapaj\u00e9", "Faixa de CEP": " 62600-000 a 62609-999"}
{"Localidade": "Itapipoca", "Faixa de CEP": " 62500-001 a 62529-999"}
{"Localidade": "Itapipoca", "Faixa de CEP": " 62500-001 a 62509-999"}
{"Localidade": "Itapi\u00fana", "Faixa de CEP": " 62740-000 a 62747-999"}
{"Localidade": "Itarema", "Faixa de CEP": " 62590-000 a 62594-999"}
{"Localidade": "Itatira", "Faixa de CEP": " 62720-000 a 62729-999"}
{"Localidade": "Jaguaretama", "Faixa de CEP": " 63480-000 a 63489-999"}
{"Localidade": "Jaguaribara", "Faixa de CEP": " 63490-000 a 63499-999"}
