{"Localidade": "Afonso Cl\u00e1udio", "Faixa de CEP": " 29600-000 a 29614-999"}
{"Localidade": "\u00c1gua Doce do Norte", "Faixa de CEP": " 29820-000 a 29829-999"}
{"Localidade": "\u00c1guia Branca", "Faixa de CEP": " 29795-000 a 29799-999"}
{"Localidade": "Alegre", "Faixa de CEP": " 29500-000 a 29539-999"}
{"Localidade": "Alfredo Chaves", "Faixa de CEP": " 29240-000 a 29254-999"}
{"Localidade": "Alto Rio Novo", "Faixa de CEP": " 29760-000 a 29769-999"}
{"Localidade": "Anchieta", "Faixa de CEP": " 29230-000 a 29239-999"}
{"Localidade": "Apiac\u00e1", "Faixa de CEP": " 29450-000 a 29459-999"}
{"Localidade": "Aracruz", "Faixa de CEP": " 29190-001 a 29199-999"}
{"Localidade": "Aracruz", "Faixa de CEP": " 29190-001 a 29199-999"}
{"Localidade": "At\u00edlio Viv\u00e1cqua", "Faixa de CEP": " 29490-000 a 29499-999"}
{"Localidade": "Baixo Guandu", "Faixa de CEP": " 29730-000 a 29744-999"}
{"Localidade": "Barra de S\u00e3o Francisco", "Faixa de CEP": " 29800-000 a 29819-999"}
{"Localidade": "Boa Esperan\u00e7a", "Faixa de CEP": " 29845-000 a 29849-999"}
{"Localidade": "Bom Jesus do Norte", "Faixa de CEP": " 29460-000 a 29469-999"}
{"Localidade": "Brejetuba", "Faixa de CEP": " 29630-000 a 29639-999"}
{"Localidade": "Cachoeiro de Itapemirim", "Faixa de CEP": " 29300-001 a 29329-999"}
{"Localidade": "Cachoeiro de Itapemirim", "Faixa de CEP": " 29300-001 a 29320-999"}
{"Localidade": "Cariacica", "Faixa de CEP": " 29140-001 a 29159-999"}
{"Localidade": "Cariacica", "Faixa de CEP": " 29140-001 a 29159-999"}
{"Localidade": "Castelo", "Faixa de CEP": " 29360-000 a 29369-999"}
{"Localidade": "Colatina", "Faixa de CEP": " 29700-001 a 29719-999"}
{"Localidade": "Colatina", "Faixa de CEP": " 29700-001 a 29714-999"}
{"Localidade": "Concei\u00e7\u00e3o da Barra", "Faixa de CEP": " 29960-000 a 29969-999"}
{"Localidade": "Concei\u00e7\u00e3o do Castelo", "Faixa de CEP": " 29370-000 a 29374-999"}
{"Localidade": "Divino de S\u00e3o Louren\u00e7o", "Faixa de CEP": " 29590-000 a 29599-999"}
{"Localidade": "Domingos Martins", "Faixa de CEP": " 29260-000 a 29279-999"}
{"Localidade": "Dores do Rio Preto", "Faixa de CEP": " 29580-000 a 29589-999"}
{"Localidade": "Ecoporanga", "Faixa de CEP": " 29850-000 a 29879-999"}
{"Localidade": "Fund\u00e3o", "Faixa de CEP": " 29185-000 a 29189-999"}
{"Localidade": "Governador Lindenberg", "Faixa de CEP": " 29720-000 a 29724-999"}
{"Localidade": "Gua\u00e7u\u00ed", "Faixa de CEP": " 29560-000 a 29579-999"}
{"Localidade": "Guarapari", "Faixa de CEP": " 29200-001 a 29229-999"}
{"Localidade": "Guarapari", "Faixa de CEP": " 29200-001 a 29227-999"}
{"Localidade": "Ibatiba", "Faixa de CEP": " 29395-000 a 29397-999"}
{"Localidade": "Ibira\u00e7u", "Faixa de CEP": " 29670-000 a 29679-999"}
{"Localidade": "Ibitirama", "Faixa de CEP": " 29540-000 a 29549-999"}
{"Localidade": "Iconha", "Faixa de CEP": " 29280-000 a 29284-999"}
{"Localidade": "Irupi", "Faixa de CEP": " 29398-000 a 29399-999"}
{"Localidade": "Itagua\u00e7u", "Faixa de CEP": " 29690-000 a 29699-999"}
{"Localidade": "Itapemirim", "Faixa de CEP": " 29330-000 a 29344-999"}
{"Localidade": "Itarana", "Faixa de CEP": " 29620-000 a 29629-999"}
{"Localidade": "I\u00fana", "Faixa de CEP": " 29390-000 a 29394-999"}
{"Localidade": "Jaguar\u00e9", "Faixa de CEP": " 29950-000 a 29959-999"}
{"Localidade": "Jer\u00f4nimo Monteiro", "Faixa de CEP": " 29550-000 a 29559-999"}
{"Localidade": "Jo\u00e3o Neiva", "Faixa de CEP": " 29680-000 a 29689-999"}
{"Localidade": "Laranja da Terra", "Faixa de CEP": " 29615-000 a 29619-999"}
{"Localidade": "Linhares", "Faixa de CEP": " 29900-001 a 29919-999"}
{"Localidade": "Linhares", "Faixa de CEP": " 29900-001 a 29918-999"}
{"Localidade": "Manten\u00f3polis", "Faixa de CEP": " 29770-000 a 29779-999"}
{"Localidade": "Marata\u00edzes", "Faixa de CEP": " 29345-000 a 29349-999"}
{"Localidade": "Marechal Floriano", "Faixa de CEP": " 29255-000 a 29259-999"}
{"Localidade": "Maril\u00e2ndia", "Faixa de CEP": " 29725-000 a 29729-999"}
{"Localidade": "Mimoso do Sul", "Faixa de CEP": " 29400-000 a 29449-999"}
{"Localidade": "Montanha", "Faixa de CEP": " 29890-000 a 29899-999"}
{"Localidade": "Mucurici", "Faixa de CEP": " 29880-000 a 29884-999"}
{"Localidade": "Muniz Freire", "Faixa de CEP": " 29380-000 a 29389-999"}
{"Localidade": "Muqui", "Faixa de CEP": " 29480-000 a 29489-999"}
{"Localidade": "Nova Ven\u00e9cia", "Faixa de CEP": " 29830-000 a 29842-999"}
{"Localidade": "Pancas", "Faixa de CEP": " 29750-000 a 29759-999"}
{"Localidade": "Pedro Can\u00e1rio", "Faixa de CEP": " 29970-000 a 29979-999"}
{"Localidade": "Pinheiros", "Faixa de CEP": " 29980-000 a 29999-999"}
{"Localidade": "Pi\u00fama", "Faixa de CEP": " 29285-000 a 29289-999"}
{"Localidade": "Ponto Belo", "Faixa de CEP": " 29885-000 a 29889-999"}
{"Localidade": "Presidente Kennedy", "Faixa de CEP": " 29350-000 a 29359-999"}
{"Localidade": "Rio Bananal", "Faixa de CEP": " 29920-000 a 29926-999"}
{"Localidade": "Rio Novo do Sul", "Faixa de CEP": " 29290-000 a 29294-999"}
{"Localidade": "Santa Leopoldina", "Faixa de CEP": " 29640-000 a 29644-999"}
{"Localidade": "Santa Maria de Jetib\u00e1", "Faixa de CEP": " 29645-000 a 29649-999"}
{"Localidade": "Santa Teresa", "Faixa de CEP": " 29650-000 a 29664-999"}
{"Localidade": "S\u00e3o Domingos do Norte", "Faixa de CEP": " 29745-000 a 29749-999"}
{"Localidade": "S\u00e3o Gabriel da Palha", "Faixa de CEP": " 29780-000 a 29784-999"}
{"Localidade": "S\u00e3o Jos\u00e9 do Cal\u00e7ado", "Faixa de CEP": " 29470-000 a 29479-999"}
{"Localidade": "S\u00e3o Mateus", "Faixa de CEP": " 29930-001 a 29949-999"}
{"Localidade": "S\u00e3o Mateus", "Faixa de CEP": " 29930-001 a 29949-999"}
{"Localidade": "S\u00e3o Roque do Cana\u00e3", "Faixa de CEP": " 29665-000 a 29669-999"}
{"Localidade": "Serra", "Faixa de CEP": " 29160-001 a 29184-999"}
{"Localidade": "Serra", "Faixa de CEP": " 29160-001 a 29184-999"}
{"Localidade": "Sooretama", "Faixa de CEP": " 29927-000 a 29929-999"}
{"Localidade": "Vargem Alta", "Faixa de CEP": " 29295-000 a 29299-999"}
{"Localidade": "Venda Nova do Imigrante", "Faixa de CEP": " 29375-000 a 29379-999"}
{"Localidade": "Viana", "Faixa de CEP": " 29130-001 a 29139-999"}
{"Localidade": "Viana", "Faixa de CEP": " 29130-001 a 29139-999"}
{"Localidade": "Vila Pav\u00e3o", "Faixa de CEP": " 29843-000 a 29844-999"}
{"Localidade": "Vila Val\u00e9rio", "Faixa de CEP": " 29785-000 a 29794-999"}
{"Localidade": "Vila Velha", "Faixa de CEP": " 29100-001 a 29129-999"}
{"Localidade": "Vila Velha", "Faixa de CEP": " 29100-001 a 29129-999"}
{"Localidade": "Vit\u00f3ria", "Faixa de CEP": " 29000-001 a 29099-999"}
{"Localidade": "Vit\u00f3ria", "Faixa de CEP": " 29000-001 a 29099-999"}
