{"Localidade": "Abadia dos Dourados", "Faixa de CEP": " 38540-000 a 38549-999"}
{"Localidade": "Abaet\u00e9", "Faixa de CEP": " 35620-000 a 35620-999"}
{"Localidade": "Abre Campo", "Faixa de CEP": " 35365-000 a 35366-999"}
{"Localidade": "Acaiaca", "Faixa de CEP": " 35438-000 a 35438-999"}
{"Localidade": "A\u00e7ucena", "Faixa de CEP": " 35147-000 a 35147-999"}
{"Localidade": "\u00c1gua Boa", "Faixa de CEP": " 39790-000 a 39794-999"}
{"Localidade": "\u00c1gua Comprida", "Faixa de CEP": " 38110-000 a 38119-999"}
{"Localidade": "Aguanil", "Faixa de CEP": " 37273-000 a 37274-999"}
{"Localidade": "\u00c1guas Formosas", "Faixa de CEP": " 39880-000 a 39884-999"}
{"Localidade": "\u00c1guas Vermelhas", "Faixa de CEP": " 39990-000 a 39994-999"}
{"Localidade": "Aimor\u00e9s", "Faixa de CEP": " 35200-000 a 35219-999"}
{"Localidade": "Aiuruoca", "Faixa de CEP": " 37450-000 a 37451-999"}
{"Localidade": "Alagoa", "Faixa de CEP": " 37458-000 a 37459-999"}
{"Localidade": "Albertina", "Faixa de CEP": " 37596-000 a 37599-999"}
{"Localidade": "Al\u00e9m Para\u00edba", "Faixa de CEP": " 36660-000 a 36669-999"}
{"Localidade": "Alfenas", "Faixa de CEP": " 37130-001 a 37139-999"}
{"Localidade": "Alfenas", "Faixa de CEP": " 37130-001 a 37138-999"}
{"Localidade": "Alfredo Vasconcelos", "Faixa de CEP": " 36272-000 a 36274-999"}
{"Localidade": "Almenara", "Faixa de CEP": " 39900-000 a 39911-999"}
{"Localidade": "Alpercata", "Faixa de CEP": " 35138-000 a 35139-999"}
{"Localidade": "Alpin\u00f3polis", "Faixa de CEP": " 37940-000 a 37944-999"}
{"Localidade": "Alterosa", "Faixa de CEP": " 37145-000 a 37147-999"}
{"Localidade": "Alto Capara\u00f3", "Faixa de CEP": " 36979-000 a 36979-999"}
{"Localidade": "Alto Jequitib\u00e1", "Faixa de CEP": " 36976-000 a 36978-999"}
{"Localidade": "Alto Rio Doce", "Faixa de CEP": " 36260-000 a 36264-999"}
{"Localidade": "Alvarenga", "Faixa de CEP": " 35249-000 a 35249-999"}
{"Localidade": "Alvin\u00f3polis", "Faixa de CEP": " 35950-000 a 35959-999"}
{"Localidade": "Alvorada de Minas", "Faixa de CEP": " 39140-000 a 39149-999"}
{"Localidade": "Amparo da Serra", "Faixa de CEP": " 35444-000 a 35446-999"}
{"Localidade": "Andradas", "Faixa de CEP": " 37795-000 a 37799-999"}
{"Localidade": "Andrel\u00e2ndia", "Faixa de CEP": " 37300-000 a 37304-999"}
{"Localidade": "Angel\u00e2ndia", "Faixa de CEP": " 39685-000 a 39687-999"}
{"Localidade": "Ant\u00f4nio Carlos", "Faixa de CEP": " 36220-000 a 36224-999"}
{"Localidade": "Ant\u00f4nio Dias", "Faixa de CEP": " 35177-000 a 35178-999"}
{"Localidade": "Ant\u00f4nio Prado de Minas", "Faixa de CEP": " 36850-000 a 36854-999"}
{"Localidade": "Ara\u00e7a\u00ed", "Faixa de CEP": " 35777-000 a 35779-999"}
{"Localidade": "Aracitaba", "Faixa de CEP": " 36255-000 a 36259-999"}
{"Localidade": "Ara\u00e7ua\u00ed", "Faixa de CEP": " 39600-000 a 39609-999"}
{"Localidade": "Araguari", "Faixa de CEP": " 38440-001 a 38459-999"}
{"Localidade": "Araguari", "Faixa de CEP": " 38440-001 a 38449-999"}
{"Localidade": "Arantina", "Faixa de CEP": " 37360-000 a 37369-999"}
{"Localidade": "Araponga", "Faixa de CEP": " 36594-000 a 36599-999"}
{"Localidade": "Arapor\u00e3", "Faixa de CEP": " 38465-000 a 38469-999"}
{"Localidade": "Arapu\u00e1", "Faixa de CEP": " 38860-000 a 38869-999"}
{"Localidade": "Ara\u00fajos", "Faixa de CEP": " 35603-000 a 35603-999"}
{"Localidade": "Arax\u00e1", "Faixa de CEP": " 38180-001 a 38184-999"}
{"Localidade": "Arax\u00e1", "Faixa de CEP": " 38180-001 a 38184-999"}
{"Localidade": "Arceburgo", "Faixa de CEP": " 37820-000 a 37854-999"}
{"Localidade": "Arcos", "Faixa de CEP": " 35588-000 a 35589-999"}
{"Localidade": "Areado", "Faixa de CEP": " 37140-000 a 37141-999"}
{"Localidade": "Argirita", "Faixa de CEP": " 36710-000 a 36719-999"}
{"Localidade": "Aricanduva", "Faixa de CEP": " 39678-000 a 39679-999"}
{"Localidade": "Arinos", "Faixa de CEP": " 38680-000 a 38688-999"}
{"Localidade": "Astolfo Dutra", "Faixa de CEP": " 36780-000 a 36783-999"}
{"Localidade": "Atal\u00e9ia", "Faixa de CEP": " 39850-000 a 39854-999"}
{"Localidade": "Augusto de Lima", "Faixa de CEP": " 39219-000 a 39219-999"}
{"Localidade": "Baependi", "Faixa de CEP": " 37443-000 a 37444-999"}
{"Localidade": "Baldim", "Faixa de CEP": " 35732-000 a 35735-999"}
{"Localidade": "Bambu\u00ed", "Faixa de CEP": " 38900-000 a 38909-999"}
{"Localidade": "Bandeira", "Faixa de CEP": " 39917-000 a 39919-999"}
{"Localidade": "Bandeira do Sul", "Faixa de CEP": " 37740-000 a 37749-999"}
{"Localidade": "Bar\u00e3o de Cocais", "Faixa de CEP": " 35970-000 a 35983-999"}
{"Localidade": "Bar\u00e3o de Monte Alto", "Faixa de CEP": " 36870-000 a 36877-999"}
{"Localidade": "Barbacena", "Faixa de CEP": " 36200-001 a 36209-999"}
{"Localidade": "Barbacena", "Faixa de CEP": " 36200-001 a 36205-999"}
{"Localidade": "Barra Longa", "Faixa de CEP": " 35447-000 a 35449-999"}
{"Localidade": "Barroso", "Faixa de CEP": " 36212-000 a 36212-999"}
{"Localidade": "Bela Vista de Minas", "Faixa de CEP": " 35938-000 a 35939-999"}
{"Localidade": "Belmiro Braga", "Faixa de CEP": " 36126-000 a 36129-999"}
{"Localidade": "Belo Horizonte", "Faixa de CEP": " 30000-001 a 31999-999"}
{"Localidade": "Belo Horizonte", "Faixa de CEP": " 30000-001 a 31999-999"}
{"Localidade": "Belo Oriente", "Faixa de CEP": " 35195-000 a 35197-999"}
{"Localidade": "Belo Vale", "Faixa de CEP": " 35473-000 a 35475-999"}
{"Localidade": "Berilo", "Faixa de CEP": " 39640-000 a 39641-999"}
{"Localidade": "Berizal", "Faixa de CEP": " 39555-000 a 39557-999"}
{"Localidade": "Bert\u00f3polis", "Faixa de CEP": " 39875-000 a 39877-999"}
{"Localidade": "Betim", "Faixa de CEP": " 32600-001 a 32699-999"}
{"Localidade": "Betim", "Faixa de CEP": " 32600-001 a 32699-999"}
{"Localidade": "Bias Fortes", "Faixa de CEP": " 36230-000 a 36234-999"}
{"Localidade": "Bicas", "Faixa de CEP": " 36600-000 a 36603-999"}
{"Localidade": "Biquinhas", "Faixa de CEP": " 35621-000 a 35621-999"}
{"Localidade": "Boa Esperan\u00e7a", "Faixa de CEP": " 37170-000 a 37174-999"}
{"Localidade": "Bocaina de Minas", "Faixa de CEP": " 37340-000 a 37349-999"}
{"Localidade": "Bocai\u00fava", "Faixa de CEP": " 39390-000 a 39396-999"}
{"Localidade": "Bom Despacho", "Faixa de CEP": " 35600-000 a 35602-999"}
{"Localidade": "Bom Jardim de Minas", "Faixa de CEP": " 37310-000 a 37329-999"}
{"Localidade": "Bom Jesus da Penha", "Faixa de CEP": " 37948-000 a 37949-999"}
{"Localidade": "Bom Jesus do Amparo", "Faixa de CEP": " 35908-000 a 35909-999"}
{"Localidade": "Bom Jesus do Galho", "Faixa de CEP": " 35340-000 a 35344-999"}
{"Localidade": "Bom Repouso", "Faixa de CEP": " 37610-000 a 37614-999"}
{"Localidade": "Bom Sucesso", "Faixa de CEP": " 37220-000 a 37222-999"}
{"Localidade": "Bonfim", "Faixa de CEP": " 35480-000 a 35484-999"}
{"Localidade": "Bonfin\u00f3polis de Minas", "Faixa de CEP": " 38650-000 a 38653-999"}
{"Localidade": "Bonito de Minas", "Faixa de CEP": " 39490-000 a 39491-999"}
{"Localidade": "Borda da Mata", "Faixa de CEP": " 37564-000 a 37565-999"}
{"Localidade": "Botelhos", "Faixa de CEP": " 37720-000 a 37729-999"}
{"Localidade": "Botumirim", "Faixa de CEP": " 39595-000 a 39597-999"}
{"Localidade": "Br\u00e1s Pires", "Faixa de CEP": " 36542-000 a 36543-999"}
{"Localidade": "Brasil\u00e2ndia de Minas", "Faixa de CEP": " 38779-000 a 38779-999"}
{"Localidade": "Bras\u00edlia de Minas", "Faixa de CEP": " 39330-000 a 39334-999"}
