{"Localidade": "\u00c1gua Clara", "Faixa de CEP": " 79680-000 a 79689-999"}
{"Localidade": "Alcin\u00f3polis", "Faixa de CEP": " 79530-000 a 79539-999"}
{"Localidade": "Amamba\u00ed", "Faixa de CEP": " 79990-000 a 79994-999"}
{"Localidade": "Anast\u00e1cio", "Faixa de CEP": " 79210-000 a 79214-999"}
{"Localidade": "Anauril\u00e2ndia", "Faixa de CEP": " 79770-000 a 79779-999"}
{"Localidade": "Ang\u00e9lica", "Faixa de CEP": " 79785-000 a 79789-999"}
{"Localidade": "Ant\u00f4nio Jo\u00e3o", "Faixa de CEP": " 79910-000 a 79919-999"}
{"Localidade": "Aparecida do Taboado", "Faixa de CEP": " 79570-000 a 79579-999"}
{"Localidade": "Aquidauana", "Faixa de CEP": " 79200-000 a 79209-999"}
{"Localidade": "Aral Moreira", "Faixa de CEP": " 79930-000 a 79934-999"}
{"Localidade": "Bandeirantes", "Faixa de CEP": " 79430-000 a 79439-999"}
{"Localidade": "Bataguassu", "Faixa de CEP": " 79780-000 a 79784-999"}
{"Localidade": "Bataypor\u00e3", "Faixa de CEP": " 79760-000 a 79764-999"}
{"Localidade": "Bela Vista", "Faixa de CEP": " 79260-000 a 79269-999"}
{"Localidade": "Bodoquena", "Faixa de CEP": " 79390-000 a 79399-999"}
{"Localidade": "Bonito", "Faixa de CEP": " 79290-000 a 79299-999"}
{"Localidade": "Brasil\u00e2ndia", "Faixa de CEP": " 79670-000 a 79679-999"}
{"Localidade": "Caarap\u00f3", "Faixa de CEP": " 79940-000 a 79949-999"}
{"Localidade": "Camapu\u00e3", "Faixa de CEP": " 79420-000 a 79427-999"}
{"Localidade": "Campo Grande", "Faixa de CEP": " 79000-001 a 79129-999"}
{"Localidade": "Campo Grande", "Faixa de CEP": " 79000-001 a 79124-999"}
{"Localidade": "Caracol", "Faixa de CEP": " 79270-000 a 79279-999"}
{"Localidade": "Cassil\u00e2ndia", "Faixa de CEP": " 79540-000 a 79549-999"}
{"Localidade": "Chapad\u00e3o do Sul", "Faixa de CEP": " 79560-000 a 79569-999"}
{"Localidade": "Corguinho", "Faixa de CEP": " 79460-000 a 79469-999"}
{"Localidade": "Coronel Sapucaia", "Faixa de CEP": " 79995-000 a 79999-999"}
{"Localidade": "Corumb\u00e1", "Faixa de CEP": " 79300-001 a 79369-999"}
{"Localidade": "Corumb\u00e1", "Faixa de CEP": " 79300-001 a 79349-999"}
{"Localidade": "Costa Rica", "Faixa de CEP": " 79550-000 a 79555-999"}
{"Localidade": "Coxim", "Faixa de CEP": " 79400-000 a 79409-999"}
{"Localidade": "Deod\u00e1polis", "Faixa de CEP": " 79790-000 a 79799-999"}
{"Localidade": "Dois Irm\u00e3os do Buriti", "Faixa de CEP": " 79215-000 a 79219-999"}
{"Localidade": "Douradina", "Faixa de CEP": " 79880-000 a 79889-999"}
{"Localidade": "Dourados", "Faixa de CEP": " 79800-001 a 79879-999"}
{"Localidade": "Dourados", "Faixa de CEP": " 79800-001 a 79849-999"}
{"Localidade": "Eldorado", "Faixa de CEP": " 79970-000 a 79974-999"}
{"Localidade": "F\u00e1tima do Sul", "Faixa de CEP": " 79700-000 a 79709-999"}
{"Localidade": "Figueir\u00e3o", "Faixa de CEP": " 79428-000 a 79429-999"}
{"Localidade": "Gl\u00f3ria de Dourados", "Faixa de CEP": " 79730-000 a 79739-999"}
{"Localidade": "Guia Lopes da Laguna", "Faixa de CEP": " 79230-000 a 79239-999"}
{"Localidade": "Iguatemi", "Faixa de CEP": " 79960-000 a 79964-999"}
{"Localidade": "Inoc\u00eancia", "Faixa de CEP": " 79580-000 a 79589-999"}
{"Localidade": "Itapor\u00e3", "Faixa de CEP": " 79890-000 a 79899-999"}
{"Localidade": "Itaquira\u00ed", "Faixa de CEP": " 79965-000 a 79969-999"}
{"Localidade": "Ivinhema", "Faixa de CEP": " 79740-000 a 79744-999"}
{"Localidade": "Japor\u00e3", "Faixa de CEP": " 79985-000 a 79989-999"}
{"Localidade": "Jaraguari", "Faixa de CEP": " 79440-000 a 79449-999"}
{"Localidade": "Jardim", "Faixa de CEP": " 79240-000 a 79259-999"}
{"Localidade": "Jate\u00ed", "Faixa de CEP": " 79720-000 a 79729-999"}
{"Localidade": "Jut\u00ed", "Faixa de CEP": " 79955-000 a 79959-999"}
{"Localidade": "Lad\u00e1rio", "Faixa de CEP": " 79370-000 a 79379-999"}
{"Localidade": "Laguna Carap\u00e3", "Faixa de CEP": " 79920-000 a 79924-999"}
{"Localidade": "Maracaju", "Faixa de CEP": " 79150-000 a 79169-999"}
{"Localidade": "Miranda", "Faixa de CEP": " 79380-000 a 79389-999"}
{"Localidade": "Mundo Novo", "Faixa de CEP": " 79980-000 a 79984-999"}
{"Localidade": "Navira\u00ed", "Faixa de CEP": " 79950-000 a 79954-999"}
{"Localidade": "Nioaque", "Faixa de CEP": " 79220-000 a 79229-999"}
{"Localidade": "Nova Alvorada do Sul", "Faixa de CEP": " 79140-000 a 79149-999"}
{"Localidade": "Nova Andradina", "Faixa de CEP": " 79750-000 a 79759-999"}
{"Localidade": "Novo Horizonte do Sul", "Faixa de CEP": " 79745-000 a 79749-999"}
{"Localidade": "Para\u00edso das \u00c1guas", "Faixa de CEP": " 79556-000 a 79559-999"}
{"Localidade": "Parana\u00edba", "Faixa de CEP": " 79500-000 a 79529-999"}
{"Localidade": "Paranhos", "Faixa de CEP": " 79925-000 a 79929-999"}
{"Localidade": "Pedro Gomes", "Faixa de CEP": " 79410-000 a 79414-999"}
{"Localidade": "Ponta Por\u00e3", "Faixa de CEP": " 79900-001 a 79909-999"}
{"Localidade": "Ponta Por\u00e3", "Faixa de CEP": " 79900-001 a 79907-999"}
{"Localidade": "Porto Murtinho", "Faixa de CEP": " 79280-000 a 79289-999"}
{"Localidade": "Ribas do Rio Pardo", "Faixa de CEP": " 79180-000 a 79189-999"}
{"Localidade": "Rio Brilhante", "Faixa de CEP": " 79130-000 a 79139-999"}
{"Localidade": "Rio Negro", "Faixa de CEP": " 79470-000 a 79479-999"}
{"Localidade": "Rio Verde de Mato Grosso", "Faixa de CEP": " 79480-000 a 79489-999"}
{"Localidade": "Rochedo", "Faixa de CEP": " 79450-000 a 79459-999"}
{"Localidade": "Santa Rita do Pardo", "Faixa de CEP": " 79690-000 a 79699-999"}
{"Localidade": "S\u00e3o Gabriel do Oeste", "Faixa de CEP": " 79490-000 a 79499-999"}
{"Localidade": "Selv\u00edria", "Faixa de CEP": " 79590-000 a 79599-999"}
{"Localidade": "Sete Quedas", "Faixa de CEP": " 79935-000 a 79939-999"}
{"Localidade": "Sidrol\u00e2ndia", "Faixa de CEP": " 79170-000 a 79179-999"}
{"Localidade": "Sonora", "Faixa de CEP": " 79415-000 a 79419-999"}
{"Localidade": "Tacuru", "Faixa de CEP": " 79975-000 a 79979-999"}
{"Localidade": "Taquarussu", "Faixa de CEP": " 79765-000 a 79769-999"}
{"Localidade": "Terenos", "Faixa de CEP": " 79190-000 a 79199-999"}
{"Localidade": "Tr\u00eas Lagoas", "Faixa de CEP": " 79600-001 a 79669-999"}
{"Localidade": "Tr\u00eas Lagoas", "Faixa de CEP": " 79600-001 a 79649-999"}
{"Localidade": "Vicentina", "Faixa de CEP": " 79710-000 a 79719-999"}
