{"Localidade": "Acorizal", "Faixa de CEP": " 78480-000 a 78489-999"}
{"Localidade": "\u00c1gua Boa", "Faixa de CEP": " 78635-000 a 78637-999"}
{"Localidade": "Alta Floresta", "Faixa de CEP": " 78580-000 a 78586-999"}
{"Localidade": "Alto Araguaia", "Faixa de CEP": " 78780-000 a 78784-999"}
{"Localidade": "Alto Boa Vista", "Faixa de CEP": " 78665-000 a 78667-999"}
{"Localidade": "Alto Gar\u00e7as", "Faixa de CEP": " 78770-000 a 78772-999"}
{"Localidade": "Alto Paraguai", "Faixa de CEP": " 78410-000 a 78414-999"}
{"Localidade": "Alto Taquari", "Faixa de CEP": " 78785-000 a 78789-999"}
{"Localidade": "Apiac\u00e1s", "Faixa de CEP": " 78595-000 a 78599-999"}
{"Localidade": "Araguaiana", "Faixa de CEP": " 78685-000 a 78689-999"}
{"Localidade": "Araguainha", "Faixa de CEP": " 78615-000 a 78619-999"}
{"Localidade": "Araputanga", "Faixa de CEP": " 78260-000 a 78264-999"}
{"Localidade": "Aren\u00e1polis", "Faixa de CEP": " 78420-000 a 78424-999"}
{"Localidade": "Aripuan\u00e3", "Faixa de CEP": " 78325-000 a 78329-999"}
{"Localidade": "Bar\u00e3o de Melga\u00e7o", "Faixa de CEP": " 78190-000 a 78194-999"}
{"Localidade": "Barra do Bugres", "Faixa de CEP": " 78390-000 a 78397-999"}
{"Localidade": "Barra do Gar\u00e7as", "Faixa de CEP": " 78600-001 a 78609-999"}
{"Localidade": "Barra do Gar\u00e7as", "Faixa de CEP": " 78600-001 a 78607-999"}
{"Localidade": "Bom Jesus do Araguaia", "Faixa de CEP": " 78678-000 a 78679-999"}
{"Localidade": "Brasnorte", "Faixa de CEP": " 78350-000 a 78359-999"}
{"Localidade": "C\u00e1ceres", "Faixa de CEP": " 78200-001 a 78236-999"}
{"Localidade": "C\u00e1ceres", "Faixa de CEP": " 78200-001 a 78219-999"}
{"Localidade": "Campin\u00e1polis", "Faixa de CEP": " 78630-000 a 78634-999"}
{"Localidade": "Campo Novo do Parecis", "Faixa de CEP": " 78360-000 a 78364-999"}
{"Localidade": "Campo Verde", "Faixa de CEP": " 78840-000 a 78849-999"}
{"Localidade": "Campos de J\u00falio", "Faixa de CEP": " 78307-000 a 78309-999"}
{"Localidade": "Canabrava do Norte", "Faixa de CEP": " 78658-000 a 78659-999"}
{"Localidade": "Canarana", "Faixa de CEP": " 78640-000 a 78642-999"}
{"Localidade": "Carlinda", "Faixa de CEP": " 78587-000 a 78589-999"}
{"Localidade": "Castanheira", "Faixa de CEP": " 78345-000 a 78349-999"}
{"Localidade": "Chapada dos Guimar\u00e3es", "Faixa de CEP": " 78195-000 a 78199-999"}
{"Localidade": "Cl\u00e1udia", "Faixa de CEP": " 78540-000 a 78542-999"}
{"Localidade": "Cocalinho", "Faixa de CEP": " 78680-000 a 78684-999"}
{"Localidade": "Col\u00edder", "Faixa de CEP": " 78500-000 a 78504-999"}
{"Localidade": "Colniza", "Faixa de CEP": " 78335-000 a 78337-999"}
{"Localidade": "Comodoro", "Faixa de CEP": " 78310-000 a 78319-999"}
{"Localidade": "Confresa", "Faixa de CEP": " 78652-000 a 78654-999"}
{"Localidade": "Conquista D'Oeste", "Faixa de CEP": " 78254-000 a 78254-999"}
{"Localidade": "Cotrigua\u00e7u", "Faixa de CEP": " 78330-000 a 78334-999"}
{"Localidade": "Cuiab\u00e1", "Faixa de CEP": " 78000-001 a 78109-999"}
{"Localidade": "Cuiab\u00e1", "Faixa de CEP": " 78000-001 a 78099-999"}
{"Localidade": "Curvel\u00e2ndia", "Faixa de CEP": " 78237-000 a 78239-999"}
{"Localidade": "Denise", "Faixa de CEP": " 78380-000 a 78389-999"}
{"Localidade": "Diamantino", "Faixa de CEP": " 78400-000 a 78409-999"}
{"Localidade": "Dom Aquino", "Faixa de CEP": " 78830-000 a 78834-999"}
{"Localidade": "Feliz Natal", "Faixa de CEP": " 78885-000 a 78886-999"}
{"Localidade": "Figueir\u00f3polis D'Oeste", "Faixa de CEP": " 78290-000 a 78292-999"}
{"Localidade": "Ga\u00facha do Norte", "Faixa de CEP": " 78875-000 a 78879-999"}
{"Localidade": "General Carneiro", "Faixa de CEP": " 78620-000 a 78624-999"}
{"Localidade": "Gl\u00f3ria D'Oeste", "Faixa de CEP": " 78293-000 a 78294-999"}
{"Localidade": "Guarant\u00e3 do Norte", "Faixa de CEP": " 78520-000 a 78524-999"}
{"Localidade": "Guiratinga", "Faixa de CEP": " 78760-000 a 78769-999"}
{"Localidade": "Indiava\u00ed", "Faixa de CEP": " 78295-000 a 78299-999"}
{"Localidade": "Ipiranga do Norte", "Faixa de CEP": " 78578-000 a 78578-999"}
{"Localidade": "Itanhang\u00e1", "Faixa de CEP": " 78579-000 a 78579-999"}
{"Localidade": "Ita\u00faba", "Faixa de CEP": " 78510-000 a 78514-999"}
{"Localidade": "Itiquira", "Faixa de CEP": " 78790-000 a 78794-999"}
{"Localidade": "Jaciara", "Faixa de CEP": " 78820-000 a 78829-999"}
{"Localidade": "Jangada", "Faixa de CEP": " 78490-000 a 78499-999"}
{"Localidade": "Jauru", "Faixa de CEP": " 78255-000 a 78259-999"}
{"Localidade": "Juara", "Faixa de CEP": " 78575-000 a 78577-999"}
{"Localidade": "Ju\u00edna", "Faixa de CEP": " 78320-000 a 78324-999"}
{"Localidade": "Juruena", "Faixa de CEP": " 78340-000 a 78344-999"}
{"Localidade": "Juscimeira", "Faixa de CEP": " 78810-000 a 78819-999"}
{"Localidade": "Lambari D'Oeste", "Faixa de CEP": " 78278-000 a 78279-999"}
{"Localidade": "Lucas do Rio Verde", "Faixa de CEP": " 78455-000 a 78459-999"}
{"Localidade": "Luciara", "Faixa de CEP": " 78660-000 a 78662-999"}
{"Localidade": "Marcel\u00e2ndia", "Faixa de CEP": " 78535-000 a 78539-999"}
{"Localidade": "Matup\u00e1", "Faixa de CEP": " 78525-000 a 78527-999"}
{"Localidade": "Mirassol D'Oeste", "Faixa de CEP": " 78280-000 a 78284-999"}
{"Localidade": "Nobres", "Faixa de CEP": " 78460-000 a 78469-999"}
{"Localidade": "Nortel\u00e2ndia", "Faixa de CEP": " 78430-000 a 78434-999"}
{"Localidade": "Nossa Senhora do Livramento", "Faixa de CEP": " 78170-000 a 78174-999"}
{"Localidade": "Nova Bandeirantes", "Faixa de CEP": " 78565-000 a 78569-999"}
{"Localidade": "Nova Brasil\u00e2ndia", "Faixa de CEP": " 78860-000 a 78869-999"}
{"Localidade": "Nova Cana\u00e3 do Norte", "Faixa de CEP": " 78515-000 a 78519-999"}
{"Localidade": "Nova Guarita", "Faixa de CEP": " 78508-000 a 78509-999"}
{"Localidade": "Nova Lacerda", "Faixa de CEP": " 78243-000 a 78244-999"}
{"Localidade": "Nova Maril\u00e2ndia", "Faixa de CEP": " 78415-000 a 78419-999"}
{"Localidade": "Nova Maring\u00e1", "Faixa de CEP": " 78445-000 a 78449-999"}
{"Localidade": "Nova Monte Verde", "Faixa de CEP": " 78593-000 a 78594-999"}
{"Localidade": "Nova Mutum", "Faixa de CEP": " 78450-000 a 78452-999"}
{"Localidade": "Nova Nazar\u00e9", "Faixa de CEP": " 78638-000 a 78639-999"}
{"Localidade": "Nova Ol\u00edmpia", "Faixa de CEP": " 78370-000 a 78379-999"}
{"Localidade": "Nova Santa Helena", "Faixa de CEP": " 78548-000 a 78549-999"}
{"Localidade": "Nova Ubirat\u00e3", "Faixa de CEP": " 78888-000 a 78889-999"}
{"Localidade": "Nova Xavantina", "Faixa de CEP": " 78690-000 a 78694-999"}
{"Localidade": "Novo Horizonte do Norte", "Faixa de CEP": " 78570-000 a 78572-999"}
{"Localidade": "Novo Mundo", "Faixa de CEP": " 78528-000 a 78529-999"}
{"Localidade": "Novo Santo Ant\u00f4nio", "Faixa de CEP": " 78674-000 a 78674-999"}
{"Localidade": "Novo S\u00e3o Joaquim", "Faixa de CEP": " 78625-000 a 78627-999"}
{"Localidade": "Parana\u00edta", "Faixa de CEP": " 78590-000 a 78592-999"}
{"Localidade": "Paranatinga", "Faixa de CEP": " 78870-000 a 78874-999"}
{"Localidade": "Pedra Preta", "Faixa de CEP": " 78795-000 a 78799-999"}
{"Localidade": "Peixoto de Azevedo", "Faixa de CEP": " 78530-000 a 78534-999"}
{"Localidade": "Planalto da Serra", "Faixa de CEP": " 78855-000 a 78859-999"}
{"Localidade": "Pocon\u00e9", "Faixa de CEP": " 78175-000 a 78179-999"}
{"Localidade": "Pontal do Araguaia", "Faixa de CEP": " 78698-000 a 78699-999"}
{"Localidade": "Ponte Branca", "Faixa de CEP": " 78610-000 a 78612-999"}
{"Localidade": "Pontes e Lacerda", "Faixa de CEP": " 78250-000 a 78252-999"}
