{"Localidade": "Abaetetuba", "Faixa de CEP": " 68440-000 a 68444-999"}
{"Localidade": "Abel Figueiredo", "Faixa de CEP": " 68527-000 a 68529-999"}
{"Localidade": "Acar\u00e1", "Faixa de CEP": " 68690-000 a 68694-999"}
{"Localidade": "Afu\u00e1", "Faixa de CEP": " 68890-000 a 68899-999"}
{"Localidade": "\u00c1gua Azul do Norte", "Faixa de CEP": " 68533-000 a 68534-999"}
{"Localidade": "Alenquer", "Faixa de CEP": " 68200-000 a 68209-999"}
{"Localidade": "Almeirim", "Faixa de CEP": " 68230-000 a 68249-999"}
{"Localidade": "Altamira", "Faixa de CEP": " 68370-001 a 68379-999"}
{"Localidade": "Altamira", "Faixa de CEP": " 68370-001 a 68378-999"}
{"Localidade": "Anaj\u00e1s", "Faixa de CEP": " 68810-000 a 68814-999"}
{"Localidade": "Ananindeua", "Faixa de CEP": " 67000-001 a 67199-999"}
{"Localidade": "Ananindeua", "Faixa de CEP": " 67000-001 a 67199-999"}
{"Localidade": "Anapu", "Faixa de CEP": " 68365-000 a 68369-999"}
{"Localidade": "Augusto Corr\u00eaa", "Faixa de CEP": " 68610-000 a 68616-999"}
{"Localidade": "Aurora do Par\u00e1", "Faixa de CEP": " 68658-000 a 68659-999"}
{"Localidade": "Aveiro", "Faixa de CEP": " 68150-000 a 68164-999"}
{"Localidade": "Bagre", "Faixa de CEP": " 68475-000 a 68479-999"}
{"Localidade": "Bai\u00e3o", "Faixa de CEP": " 68465-000 a 68469-999"}
{"Localidade": "Bannach", "Faixa de CEP": " 68388-000 a 68389-999"}
{"Localidade": "Barcarena", "Faixa de CEP": " 68445-000 a 68449-999"}
{"Localidade": "Bel\u00e9m", "Faixa de CEP": " 66000-001 a 66999-999"}
{"Localidade": "Bel\u00e9m", "Faixa de CEP": " 66000-001 a 66999-999"}
{"Localidade": "Belterra", "Faixa de CEP": " 68143-000 a 68144-999"}
{"Localidade": "Benevides", "Faixa de CEP": " 68795-000 a 68797-999"}
{"Localidade": "Bom Jesus do Tocantins", "Faixa de CEP": " 68525-000 a 68526-999"}
{"Localidade": "Bonito", "Faixa de CEP": " 68645-000 a 68646-999"}
{"Localidade": "Bragan\u00e7a", "Faixa de CEP": " 68600-000 a 68609-999"}
{"Localidade": "Brasil Novo", "Faixa de CEP": " 68148-000 a 68149-999"}
{"Localidade": "Brejo Grande do Araguaia", "Faixa de CEP": " 68521-000 a 68522-999"}
{"Localidade": "Breu Branco", "Faixa de CEP": " 68488-000 a 68489-999"}
{"Localidade": "Breves", "Faixa de CEP": " 68800-000 a 68809-999"}
{"Localidade": "Bujaru", "Faixa de CEP": " 68670-000 a 68674-999"}
{"Localidade": "Cachoeira do Arari", "Faixa de CEP": " 68840-000 a 68849-999"}
{"Localidade": "Cachoeira do Piri\u00e1", "Faixa de CEP": " 68617-000 a 68617-999"}
{"Localidade": "Camet\u00e1", "Faixa de CEP": " 68400-000 a 68414-999"}
{"Localidade": "Cana\u00e3 dos Caraj\u00e1s", "Faixa de CEP": " 68537-000 a 68539-999"}
{"Localidade": "Capanema", "Faixa de CEP": " 68700-001 a 68706-999"}
{"Localidade": "Capanema", "Faixa de CEP": " 68700-001 a 68704-999"}
{"Localidade": "Capit\u00e3o Po\u00e7o", "Faixa de CEP": " 68650-000 a 68654-999"}
{"Localidade": "Castanhal", "Faixa de CEP": " 68740-001 a 68747-999"}
{"Localidade": "Castanhal", "Faixa de CEP": " 68740-001 a 68746-999"}
{"Localidade": "Chaves", "Faixa de CEP": " 68880-000 a 68889-999"}
{"Localidade": "Colares", "Faixa de CEP": " 68785-000 a 68785-999"}
{"Localidade": "Concei\u00e7\u00e3o do Araguaia", "Faixa de CEP": " 68540-000 a 68542-999"}
{"Localidade": "Conc\u00f3rdia do Par\u00e1", "Faixa de CEP": " 68685-000 a 68689-999"}
{"Localidade": "Cumaru do Norte", "Faixa de CEP": " 68398-000 a 68399-999"}
{"Localidade": "Curion\u00f3polis", "Faixa de CEP": " 68523-000 a 68523-999"}
{"Localidade": "Curralinho", "Faixa de CEP": " 68815-000 a 68819-999"}
{"Localidade": "Curu\u00e1", "Faixa de CEP": " 68210-000 a 68219-999"}
{"Localidade": "Curu\u00e7\u00e1", "Faixa de CEP": " 68750-000 a 68759-999"}
{"Localidade": "Dom Eliseu", "Faixa de CEP": " 68633-000 a 68634-999"}
{"Localidade": "Eldorado dos Caraj\u00e1s", "Faixa de CEP": " 68524-000 a 68524-999"}
{"Localidade": "Faro", "Faixa de CEP": " 68280-000 a 68284-999"}
{"Localidade": "Floresta do Araguaia", "Faixa de CEP": " 68543-000 a 68544-999"}
{"Localidade": "Garraf\u00e3o do Norte", "Faixa de CEP": " 68665-000 a 68669-999"}
{"Localidade": "Goian\u00e9sia do Par\u00e1", "Faixa de CEP": " 68639-000 a 68639-999"}
{"Localidade": "Gurup\u00e1", "Faixa de CEP": " 68300-000 a 68329-999"}
{"Localidade": "Igarap\u00e9-A\u00e7u", "Faixa de CEP": " 68725-000 a 68729-999"}
{"Localidade": "Igarap\u00e9-Miri", "Faixa de CEP": " 68430-000 a 68439-999"}
{"Localidade": "Inhangapi", "Faixa de CEP": " 68770-000 a 68772-999"}
{"Localidade": "Ipixuna do Par\u00e1", "Faixa de CEP": " 68637-000 a 68637-999"}
{"Localidade": "Irituia", "Faixa de CEP": " 68655-000 a 68657-999"}
{"Localidade": "Itaituba", "Faixa de CEP": " 68180-001 a 68192-999"}
{"Localidade": "Itaituba", "Faixa de CEP": " 68180-001 a 68187-999"}
{"Localidade": "Itupiranga", "Faixa de CEP": " 68580-000 a 68584-999"}
{"Localidade": "Jacareacanga", "Faixa de CEP": " 68195-000 a 68197-999"}
{"Localidade": "Jacund\u00e1", "Faixa de CEP": " 68590-000 a 68599-999"}
{"Localidade": "Juruti", "Faixa de CEP": " 68170-000 a 68179-999"}
{"Localidade": "Limoeiro do Ajuru", "Faixa de CEP": " 68415-000 a 68419-999"}
{"Localidade": "M\u00e3e do Rio", "Faixa de CEP": " 68675-000 a 68679-999"}
{"Localidade": "Magalh\u00e3es Barata", "Faixa de CEP": " 68722-000 a 68724-999"}
{"Localidade": "Marab\u00e1", "Faixa de CEP": " 68500-001 a 68514-999"}
{"Localidade": "Marab\u00e1", "Faixa de CEP": " 68500-001 a 68513-999"}
{"Localidade": "Maracan\u00e3", "Faixa de CEP": " 68710-000 a 68718-999"}
{"Localidade": "Marapanim", "Faixa de CEP": " 68760-000 a 68769-999"}
{"Localidade": "Marituba", "Faixa de CEP": " 67200-000 a 67999-999"}
{"Localidade": "Medicil\u00e2ndia", "Faixa de CEP": " 68145-000 a 68147-999"}
{"Localidade": "Melga\u00e7o", "Faixa de CEP": " 68490-000 a 68499-999"}
{"Localidade": "Mocajuba", "Faixa de CEP": " 68420-000 a 68429-999"}
{"Localidade": "Moju", "Faixa de CEP": " 68450-000 a 68454-999"}
{"Localidade": "Moju\u00ed dos Campos", "Faixa de CEP": " 68129-000 a 68129-999"}
{"Localidade": "Monte Alegre", "Faixa de CEP": " 68220-000 a 68229-999"}
{"Localidade": "Muan\u00e1", "Faixa de CEP": " 68825-000 a 68829-999"}
{"Localidade": "Nova Esperan\u00e7a do Piri\u00e1", "Faixa de CEP": " 68618-000 a 68619-999"}
{"Localidade": "Nova Ipixuna", "Faixa de CEP": " 68585-000 a 68589-999"}
{"Localidade": "Nova Timboteua", "Faixa de CEP": " 68730-000 a 68733-999"}
{"Localidade": "Novo Progresso", "Faixa de CEP": " 68193-000 a 68194-999"}
{"Localidade": "Novo Repartimento", "Faixa de CEP": " 68473-000 a 68474-999"}
{"Localidade": "\u00d3bidos", "Faixa de CEP": " 68250-000 a 68269-999"}
{"Localidade": "Oeiras do Par\u00e1", "Faixa de CEP": " 68470-000 a 68472-999"}
{"Localidade": "Oriximin\u00e1", "Faixa de CEP": " 68270-000 a 68279-999"}
{"Localidade": "Our\u00e9m", "Faixa de CEP": " 68640-000 a 68643-999"}
{"Localidade": "Ouril\u00e2ndia do Norte", "Faixa de CEP": " 68390-000 a 68397-999"}
{"Localidade": "Pacaj\u00e1", "Faixa de CEP": " 68485-000 a 68487-999"}
{"Localidade": "Palestina do Par\u00e1", "Faixa de CEP": " 68535-000 a 68536-999"}
{"Localidade": "Paragominas", "Faixa de CEP": " 68625-001 a 68631-999"}
{"Localidade": "Paragominas", "Faixa de CEP": " 68625-001 a 68630-999"}
{"Localidade": "Parauapebas", "Faixa de CEP": " 68515-000 a 68517-999"}
{"Localidade": "Pau D'Arco", "Faixa de CEP": " 68545-000 a 68547-999"}
{"Localidade": "Peixe-Boi", "Faixa de CEP": " 68734-000 a 68737-999"}
