{"Localidade": "\u00c1gua Branca", "Faixa de CEP": " 58748-000 a 58749-999"}
{"Localidade": "Aguiar", "Faixa de CEP": " 58778-000 a 58779-999"}
{"Localidade": "Alagoa Grande", "Faixa de CEP": " 58388-000 a 58389-999"}
{"Localidade": "Alagoa Nova", "Faixa de CEP": " 58125-000 a 58127-999"}
{"Localidade": "Alagoinha", "Faixa de CEP": " 58390-000 a 58392-999"}
{"Localidade": "Alcantil", "Faixa de CEP": " 58460-000 a 58462-999"}
{"Localidade": "Algod\u00e3o de Janda\u00edra", "Faixa de CEP": " 58399-000 a 58399-999"}
{"Localidade": "Alhandra", "Faixa de CEP": " 58320-000 a 58321-999"}
{"Localidade": "Amparo", "Faixa de CEP": " 58548-000 a 58549-999"}
{"Localidade": "Aparecida", "Faixa de CEP": " 58823-000 a 58823-999"}
{"Localidade": "Ara\u00e7agi", "Faixa de CEP": " 58270-000 a 58272-999"}
{"Localidade": "Arara", "Faixa de CEP": " 58396-000 a 58396-999"}
{"Localidade": "Araruna", "Faixa de CEP": " 58233-000 a 58234-999"}
{"Localidade": "Areia", "Faixa de CEP": " 58397-000 a 58397-999"}
{"Localidade": "Areia de Bara\u00fanas", "Faixa de CEP": " 58732-000 a 58732-999"}
{"Localidade": "Areial", "Faixa de CEP": " 58140-000 a 58144-999"}
{"Localidade": "Aroeiras", "Faixa de CEP": " 58489-000 a 58491-999"}
{"Localidade": "Assun\u00e7\u00e3o", "Faixa de CEP": " 58685-000 a 58689-999"}
{"Localidade": "Ba\u00eda da Trai\u00e7\u00e3o", "Faixa de CEP": " 58295-000 a 58296-999"}
{"Localidade": "Bananeiras", "Faixa de CEP": " 58220-000 a 58224-999"}
{"Localidade": "Bara\u00fana", "Faixa de CEP": " 58188-000 a 58194-999"}
{"Localidade": "Barra de Santa Rosa", "Faixa de CEP": " 58170-000 a 58172-999"}
{"Localidade": "Barra de Santana", "Faixa de CEP": " 58458-000 a 58459-999"}
{"Localidade": "Barra de S\u00e3o Miguel", "Faixa de CEP": " 58483-000 a 58484-999"}
{"Localidade": "Bayeux", "Faixa de CEP": " 58110-001 a 58114-999"}
{"Localidade": "Bayeux", "Faixa de CEP": " 58110-001 a 58114-999"}
{"Localidade": "Bel\u00e9m", "Faixa de CEP": " 58255-000 a 58259-999"}
{"Localidade": "Bel\u00e9m do Brejo do Cruz", "Faixa de CEP": " 58895-000 a 58899-999"}
{"Localidade": "Bernardino Batista", "Faixa de CEP": " 58922-000 a 58924-999"}
{"Localidade": "Boa Ventura", "Faixa de CEP": " 58993-000 a 58993-999"}
{"Localidade": "Boa Vista", "Faixa de CEP": " 58123-000 a 58124-999"}
{"Localidade": "Bom Jesus", "Faixa de CEP": " 58930-000 a 58932-999"}
{"Localidade": "Bom Sucesso", "Faixa de CEP": " 58887-000 a 58889-999"}
{"Localidade": "Bonito de Santa F\u00e9", "Faixa de CEP": " 58960-000 a 58969-999"}
{"Localidade": "Boqueir\u00e3o", "Faixa de CEP": " 58450-000 a 58454-999"}
{"Localidade": "Borborema", "Faixa de CEP": " 58394-000 a 58394-999"}
{"Localidade": "Brejo do Cruz", "Faixa de CEP": " 58890-000 a 58892-999"}
{"Localidade": "Brejo dos Santos", "Faixa de CEP": " 58880-000 a 58883-999"}
{"Localidade": "Caapor\u00e3", "Faixa de CEP": " 58326-000 a 58327-999"}
{"Localidade": "Cabaceiras", "Faixa de CEP": " 58480-000 a 58482-999"}
{"Localidade": "Cabedelo", "Faixa de CEP": " 58100-001 a 58109-999"}
{"Localidade": "Cabedelo", "Faixa de CEP": " 58100-001 a 58109-999"}
{"Localidade": "Cachoeira dos \u00cdndios", "Faixa de CEP": " 58935-000 a 58939-999"}
{"Localidade": "Cacimba de Areia", "Faixa de CEP": " 58730-000 a 58731-999"}
{"Localidade": "Cacimba de Dentro", "Faixa de CEP": " 58230-000 a 58232-999"}
{"Localidade": "Cacimbas", "Faixa de CEP": " 58698-000 a 58699-999"}
{"Localidade": "Cai\u00e7ara", "Faixa de CEP": " 58253-000 a 58253-999"}
{"Localidade": "Cajazeiras", "Faixa de CEP": " 58900-000 a 58907-999"}
{"Localidade": "Cajazeirinhas", "Faixa de CEP": " 58855-000 a 58856-999"}
{"Localidade": "Caldas Brand\u00e3o", "Faixa de CEP": " 58350-000 a 58353-999"}
{"Localidade": "Camala\u00fa", "Faixa de CEP": " 58530-000 a 58534-999"}
{"Localidade": "Campina Grande", "Faixa de CEP": " 58400-001 a 58449-999"}
{"Localidade": "Campina Grande", "Faixa de CEP": " 58400-001 a 58439-999"}
{"Localidade": "Capim", "Faixa de CEP": " 58287-000 a 58288-999"}
{"Localidade": "Cara\u00fabas", "Faixa de CEP": " 58595-000 a 58599-999"}
{"Localidade": "Carrapateira", "Faixa de CEP": " 58945-000 a 58949-999"}
{"Localidade": "Casserengue", "Faixa de CEP": " 58238-000 a 58239-999"}
{"Localidade": "Catingueira", "Faixa de CEP": " 58715-000 a 58719-999"}
{"Localidade": "Catol\u00e9 do Rocha", "Faixa de CEP": " 58884-000 a 58886-999"}
{"Localidade": "Caturit\u00e9", "Faixa de CEP": " 58455-000 a 58457-999"}
{"Localidade": "Concei\u00e7\u00e3o", "Faixa de CEP": " 58970-000 a 58977-999"}
{"Localidade": "Condado", "Faixa de CEP": " 58714-000 a 58714-999"}
{"Localidade": "Conde", "Faixa de CEP": " 58322-000 a 58323-999"}
{"Localidade": "Congo", "Faixa de CEP": " 58535-000 a 58539-999"}
{"Localidade": "Coremas", "Faixa de CEP": " 58770-000 a 58774-999"}
{"Localidade": "Coxixola", "Faixa de CEP": " 58588-000 a 58589-999"}
{"Localidade": "Cruz do Esp\u00edrito Santo", "Faixa de CEP": " 58337-000 a 58337-999"}
{"Localidade": "Cubati", "Faixa de CEP": " 58167-000 a 58169-999"}
{"Localidade": "Cuit\u00e9", "Faixa de CEP": " 58175-000 a 58176-999"}
{"Localidade": "Cuit\u00e9 de Mamanguape", "Faixa de CEP": " 58289-000 a 58290-999"}
{"Localidade": "Cuitegi", "Faixa de CEP": " 58208-000 a 58209-999"}
{"Localidade": "Curral de Cima", "Faixa de CEP": " 58291-000 a 58291-999"}
{"Localidade": "Curral Velho", "Faixa de CEP": " 58990-000 a 58992-999"}
{"Localidade": "Dami\u00e3o", "Faixa de CEP": " 58173-000 a 58174-999"}
{"Localidade": "Desterro", "Faixa de CEP": " 58695-000 a 58697-999"}
{"Localidade": "Diamante", "Faixa de CEP": " 58994-000 a 58994-999"}
{"Localidade": "Dona In\u00eas", "Faixa de CEP": " 58228-000 a 58229-999"}
{"Localidade": "Duas Estradas", "Faixa de CEP": " 58265-000 a 58267-999"}
{"Localidade": "Emas", "Faixa de CEP": " 58763-000 a 58764-999"}
{"Localidade": "Esperan\u00e7a", "Faixa de CEP": " 58135-000 a 58139-999"}
{"Localidade": "Fagundes", "Faixa de CEP": " 58487-000 a 58488-999"}
{"Localidade": "Frei Martinho", "Faixa de CEP": " 58195-000 a 58199-999"}
{"Localidade": "Gado Bravo", "Faixa de CEP": " 58492-000 a 58493-999"}
{"Localidade": "Guarabira", "Faixa de CEP": " 58200-000 a 58207-999"}
{"Localidade": "Gurinh\u00e9m", "Faixa de CEP": " 58356-000 a 58359-999"}
{"Localidade": "Gurj\u00e3o", "Faixa de CEP": " 58670-000 a 58674-999"}
{"Localidade": "Ibiara", "Faixa de CEP": " 58980-000 a 58984-999"}
{"Localidade": "Igaracy", "Faixa de CEP": " 58775-000 a 58777-999"}
{"Localidade": "Imaculada", "Faixa de CEP": " 58745-000 a 58747-999"}
{"Localidade": "Ing\u00e1", "Faixa de CEP": " 58380-000 a 58381-999"}
{"Localidade": "Itabaiana", "Faixa de CEP": " 58360-000 a 58369-999"}
{"Localidade": "Itaporanga", "Faixa de CEP": " 58780-000 a 58783-999"}
{"Localidade": "Itapororoca", "Faixa de CEP": " 58275-000 a 58277-999"}
{"Localidade": "Itatuba", "Faixa de CEP": " 58378-000 a 58379-999"}
{"Localidade": "Jacara\u00fa", "Faixa de CEP": " 58278-000 a 58279-999"}
{"Localidade": "Jeric\u00f3", "Faixa de CEP": " 58830-000 a 58831-999"}
{"Localidade": "Jo\u00e3o Pessoa", "Faixa de CEP": " 58000-001 a 58099-999"}
{"Localidade": "Jo\u00e3o Pessoa", "Faixa de CEP": " 58000-001 a 58099-999"}
{"Localidade": "Joca Claudino", "Faixa de CEP": " 58928-000 a 58929-999"}
{"Localidade": "Juarez T\u00e1vora", "Faixa de CEP": " 58387-000 a 58387-999"}
