{"Localidade": "Abreu e Lima", "Faixa de CEP": " 53500-001 a 53599-999"}
{"Localidade": "Abreu e Lima", "Faixa de CEP": " 53500-001 a 53589-999"}
{"Localidade": "Afogados da Ingazeira", "Faixa de CEP": " 56800-000 a 56819-999"}
{"Localidade": "Afr\u00e2nio", "Faixa de CEP": " 56360-000 a 56379-999"}
{"Localidade": "Agrestina", "Faixa de CEP": " 55495-000 a 55499-999"}
{"Localidade": "\u00c1gua Preta", "Faixa de CEP": " 55550-000 a 55554-999"}
{"Localidade": "\u00c1guas Belas", "Faixa de CEP": " 55340-000 a 55344-999"}
{"Localidade": "Alagoinha", "Faixa de CEP": " 55260-000 a 55269-999"}
{"Localidade": "Alian\u00e7a", "Faixa de CEP": " 55890-000 a 55899-999"}
{"Localidade": "Altinho", "Faixa de CEP": " 55490-000 a 55494-999"}
{"Localidade": "Amaraji", "Faixa de CEP": " 55515-000 a 55519-999"}
{"Localidade": "Angelim", "Faixa de CEP": " 55430-000 a 55434-999"}
{"Localidade": "Ara\u00e7oiaba", "Faixa de CEP": " 53690-000 a 53699-999"}
{"Localidade": "Araripina", "Faixa de CEP": " 56280-000 a 56299-999"}
{"Localidade": "Arcoverde", "Faixa de CEP": " 56500-001 a 56519-999"}
{"Localidade": "Arcoverde", "Faixa de CEP": " 56500-001 a 56519-499"}
{"Localidade": "Barra de Guabiraba", "Faixa de CEP": " 55690-000 a 55694-999"}
{"Localidade": "Barreiros", "Faixa de CEP": " 55560-000 a 55564-999"}
{"Localidade": "Bel\u00e9m de Maria", "Faixa de CEP": " 55440-000 a 55449-999"}
{"Localidade": "Bel\u00e9m do S\u00e3o Francisco", "Faixa de CEP": " 56440-000 a 56459-999"}
{"Localidade": "Belo Jardim", "Faixa de CEP": " 55150-001 a 55169-999"}
{"Localidade": "Belo Jardim", "Faixa de CEP": " 55150-001 a 55159-999"}
{"Localidade": "Bet\u00e2nia", "Faixa de CEP": " 56670-000 a 56699-999"}
{"Localidade": "Bezerros", "Faixa de CEP": " 55660-000 a 55664-999"}
{"Localidade": "Bodoc\u00f3", "Faixa de CEP": " 56220-000 a 56229-999"}
{"Localidade": "Bom Conselho", "Faixa de CEP": " 55330-000 a 55339-999"}
{"Localidade": "Bom Jardim", "Faixa de CEP": " 55730-000 a 55739-999"}
{"Localidade": "Bonito", "Faixa de CEP": " 55680-000 a 55689-999"}
{"Localidade": "Brej\u00e3o", "Faixa de CEP": " 55325-000 a 55329-999"}
{"Localidade": "Brejinho", "Faixa de CEP": " 56740-000 a 56749-999"}
{"Localidade": "Brejo da Madre de Deus", "Faixa de CEP": " 55170-000 a 55179-999"}
{"Localidade": "Buenos Aires", "Faixa de CEP": " 55845-000 a 55849-999"}
{"Localidade": "Bu\u00edque", "Faixa de CEP": " 56520-000 a 56539-999"}
{"Localidade": "Cabo de Santo Agostinho", "Faixa de CEP": " 54500-001 a 54599-999"}
{"Localidade": "Cabo de Santo Agostinho", "Faixa de CEP": " 54500-001 a 54589-999"}
{"Localidade": "Cabrob\u00f3", "Faixa de CEP": " 56180-000 a 56189-999"}
{"Localidade": "Cachoeirinha", "Faixa de CEP": " 55380-000 a 55384-999"}
{"Localidade": "Caet\u00e9s", "Faixa de CEP": " 55360-000 a 55364-999"}
{"Localidade": "Cal\u00e7ado", "Faixa de CEP": " 55375-000 a 55379-999"}
{"Localidade": "Calumbi", "Faixa de CEP": " 56930-000 a 56949-999"}
{"Localidade": "Camaragibe", "Faixa de CEP": " 54750-001 a 54799-999"}
{"Localidade": "Camaragibe", "Faixa de CEP": " 54750-001 a 54799-999"}
{"Localidade": "Camocim de S\u00e3o F\u00e9lix", "Faixa de CEP": " 55665-000 a 55669-999"}
{"Localidade": "Camutanga", "Faixa de CEP": " 55930-000 a 55939-999"}
{"Localidade": "Canhotinho", "Faixa de CEP": " 55420-000 a 55429-999"}
{"Localidade": "Capoeiras", "Faixa de CEP": " 55365-000 a 55369-999"}
{"Localidade": "Carna\u00edba", "Faixa de CEP": " 56820-000 a 56827-999"}
{"Localidade": "Carnaubeira da Penha", "Faixa de CEP": " 56420-000 a 56429-999"}
{"Localidade": "Carpina", "Faixa de CEP": " 55810-001 a 55819-999"}
{"Localidade": "Carpina", "Faixa de CEP": " 55810-001 a 55819-800"}
{"Localidade": "Caruaru", "Faixa de CEP": " 55000-001 a 55119-999"}
{"Localidade": "Caruaru", "Faixa de CEP": " 55000-001 a 55099-999"}
{"Localidade": "Casinhas", "Faixa de CEP": " 55755-000 a 55759-999"}
{"Localidade": "Catende", "Faixa de CEP": " 55400-000 a 55404-999"}
{"Localidade": "Cedro", "Faixa de CEP": " 56130-000 a 56139-999"}
{"Localidade": "Ch\u00e3 de Alegria", "Faixa de CEP": " 55835-000 a 55839-999"}
{"Localidade": "Ch\u00e3 Grande", "Faixa de CEP": " 55636-000 a 55639-999"}
{"Localidade": "Condado", "Faixa de CEP": " 55940-000 a 55949-999"}
{"Localidade": "Correntes", "Faixa de CEP": " 55315-000 a 55319-999"}
{"Localidade": "Cort\u00eas", "Faixa de CEP": " 55525-000 a 55529-999"}
{"Localidade": "Cumaru", "Faixa de CEP": " 55655-000 a 55659-999"}
{"Localidade": "Cupira", "Faixa de CEP": " 55460-000 a 55469-999"}
{"Localidade": "Cust\u00f3dia", "Faixa de CEP": " 56640-000 a 56669-999"}
{"Localidade": "Dormentes", "Faixa de CEP": " 56355-000 a 56359-999"}
{"Localidade": "Escada", "Faixa de CEP": " 55500-000 a 55509-999"}
{"Localidade": "Exu", "Faixa de CEP": " 56230-000 a 56249-999"}
{"Localidade": "Feira Nova", "Faixa de CEP": " 55715-000 a 55719-999"}
{"Localidade": "Fernando de Noronha", "Faixa de CEP": " 53990-000 a 53999-999"}
{"Localidade": "Ferreiros", "Faixa de CEP": " 55880-000 a 55889-999"}
{"Localidade": "Flores", "Faixa de CEP": " 56850-000 a 56869-999"}
{"Localidade": "Floresta", "Faixa de CEP": " 56400-000 a 56419-999"}
{"Localidade": "Frei Miguelinho", "Faixa de CEP": " 55780-000 a 55789-999"}
{"Localidade": "Gameleira", "Faixa de CEP": " 55530-000 a 55534-999"}
{"Localidade": "Garanhuns", "Faixa de CEP": " 55290-001 a 55304-999"}
{"Localidade": "Garanhuns", "Faixa de CEP": " 55290-001 a 55299-999"}
{"Localidade": "Gl\u00f3ria do Goit\u00e1", "Faixa de CEP": " 55620-000 a 55629-999"}
{"Localidade": "Goiana", "Faixa de CEP": " 55900-000 a 55919-999"}
{"Localidade": "Granito", "Faixa de CEP": " 56160-000 a 56162-999"}
{"Localidade": "Gravat\u00e1", "Faixa de CEP": " 55640-001 a 55649-999"}
{"Localidade": "Gravat\u00e1", "Faixa de CEP": " 55640-001 a 55645-999"}
{"Localidade": "Iati", "Faixa de CEP": " 55345-000 a 55349-999"}
{"Localidade": "Ibimirim", "Faixa de CEP": " 56580-000 a 56599-999"}
{"Localidade": "Ibirajuba", "Faixa de CEP": " 55390-000 a 55394-999"}
{"Localidade": "Igarassu", "Faixa de CEP": " 53600-001 a 53689-999"}
{"Localidade": "Igarassu", "Faixa de CEP": " 53600-001 a 53659-999"}
{"Localidade": "Iguaraci", "Faixa de CEP": " 56840-000 a 56849-999"}
{"Localidade": "Ilha de Itamarac\u00e1", "Faixa de CEP": " 53900-000 a 53989-999"}
{"Localidade": "Inaj\u00e1", "Faixa de CEP": " 56560-000 a 56564-999"}
{"Localidade": "Ingazeira", "Faixa de CEP": " 56830-000 a 56839-999"}
{"Localidade": "Ipojuca", "Faixa de CEP": " 55590-000 a 55599-999"}
{"Localidade": "Ipubi", "Faixa de CEP": " 56260-000 a 56279-999"}
{"Localidade": "Itacuruba", "Faixa de CEP": " 56430-000 a 56439-999"}
{"Localidade": "Ita\u00edba", "Faixa de CEP": " 56550-000 a 56559-999"}
{"Localidade": "Itamb\u00e9", "Faixa de CEP": " 55920-000 a 55929-999"}
{"Localidade": "Itapetim", "Faixa de CEP": " 56720-000 a 56739-999"}
{"Localidade": "Itapissuma", "Faixa de CEP": " 53700-000 a 53899-999"}
{"Localidade": "Itaquitinga", "Faixa de CEP": " 55950-000 a 55999-999"}
{"Localidade": "Jaboat\u00e3o dos Guararapes", "Faixa de CEP": " 54000-001 a 54499-999"}
{"Localidade": "Jaboat\u00e3o dos Guararapes", "Faixa de CEP": " 54000-001 a 54499-999"}
{"Localidade": "Jaqueira", "Faixa de CEP": " 55409-000 a 55409-999"}
