{"Localidade": "Acau\u00e3", "Faixa de CEP": " 64748-000 a 64749-999"}
{"Localidade": "Agricol\u00e2ndia", "Faixa de CEP": " 64440-000 a 64444-999"}
{"Localidade": "\u00c1gua Branca", "Faixa de CEP": " 64460-000 a 64464-999"}
{"Localidade": "Alagoinha do Piau\u00ed", "Faixa de CEP": " 64655-000 a 64659-999"}
{"Localidade": "Alegrete do Piau\u00ed", "Faixa de CEP": " 64675-000 a 64677-999"}
{"Localidade": "Alto Long\u00e1", "Faixa de CEP": " 64360-000 a 64364-999"}
{"Localidade": "Altos", "Faixa de CEP": " 64290-000 a 64294-999"}
{"Localidade": "Alvorada do Gurgu\u00e9ia", "Faixa de CEP": " 64923-000 a 64924-999"}
{"Localidade": "Amarante", "Faixa de CEP": " 64400-000 a 64409-999"}
{"Localidade": "Angical do Piau\u00ed", "Faixa de CEP": " 64410-000 a 64414-999"}
{"Localidade": "An\u00edsio de Abreu", "Faixa de CEP": " 64780-000 a 64781-999"}
{"Localidade": "Ant\u00f4nio Almeida", "Faixa de CEP": " 64855-000 a 64857-999"}
{"Localidade": "Aroazes", "Faixa de CEP": " 64310-000 a 64314-999"}
{"Localidade": "Aroeiras do Itaim", "Faixa de CEP": " 64612-000 a 64612-999"}
{"Localidade": "Arraial", "Faixa de CEP": " 64480-000 a 64489-999"}
{"Localidade": "Assun\u00e7\u00e3o do Piau\u00ed", "Faixa de CEP": " 64333-000 a 64334-999"}
{"Localidade": "Avelino Lopes", "Faixa de CEP": " 64965-000 a 64967-999"}
{"Localidade": "Baixa Grande do Ribeiro", "Faixa de CEP": " 64868-000 a 64869-999"}
{"Localidade": "Barra D'Alc\u00e2ntara", "Faixa de CEP": " 64528-000 a 64529-999"}
{"Localidade": "Barras", "Faixa de CEP": " 64100-000 a 64104-999"}
{"Localidade": "Barreiras do Piau\u00ed", "Faixa de CEP": " 64990-000 a 64992-999"}
{"Localidade": "Barro Duro", "Faixa de CEP": " 64455-000 a 64459-999"}
{"Localidade": "Batalha", "Faixa de CEP": " 64190-000 a 64199-999"}
{"Localidade": "Bela Vista do Piau\u00ed", "Faixa de CEP": " 64705-000 a 64709-999"}
{"Localidade": "Bel\u00e9m do Piau\u00ed", "Faixa de CEP": " 64678-000 a 64679-999"}
{"Localidade": "Beneditinos", "Faixa de CEP": " 64380-000 a 64387-999"}
{"Localidade": "Bertol\u00ednia", "Faixa de CEP": " 64870-000 a 64872-999"}
{"Localidade": "Bet\u00e2nia do Piau\u00ed", "Faixa de CEP": " 64753-000 a 64754-999"}
{"Localidade": "Boa Hora", "Faixa de CEP": " 64108-000 a 64109-999"}
{"Localidade": "Bocaina", "Faixa de CEP": " 64630-000 a 64634-999"}
{"Localidade": "Bom Jesus", "Faixa de CEP": " 64900-000 a 64904-999"}
{"Localidade": "Bom Princ\u00edpio do Piau\u00ed", "Faixa de CEP": " 64225-000 a 64227-999"}
{"Localidade": "Bonfim do Piau\u00ed", "Faixa de CEP": " 64775-000 a 64777-999"}
{"Localidade": "Boqueir\u00e3o do Piau\u00ed", "Faixa de CEP": " 64283-000 a 64284-999"}
{"Localidade": "Brasileira", "Faixa de CEP": " 64265-000 a 64269-999"}
{"Localidade": "Brejo do Piau\u00ed", "Faixa de CEP": " 64895-000 a 64897-999"}
{"Localidade": "Buriti dos Lopes", "Faixa de CEP": " 64230-000 a 64232-999"}
{"Localidade": "Buriti dos Montes", "Faixa de CEP": " 64345-000 a 64349-999"}
{"Localidade": "Cabeceiras do Piau\u00ed", "Faixa de CEP": " 64105-000 a 64107-999"}
{"Localidade": "Cajazeiras do Piau\u00ed", "Faixa de CEP": " 64514-000 a 64515-999"}
{"Localidade": "Cajueiro da Praia", "Faixa de CEP": " 64222-000 a 64223-999"}
{"Localidade": "Caldeir\u00e3o Grande do Piau\u00ed", "Faixa de CEP": " 64695-000 a 64699-999"}
{"Localidade": "Campinas do Piau\u00ed", "Faixa de CEP": " 64730-000 a 64739-999"}
{"Localidade": "Campo Alegre do Fidalgo", "Faixa de CEP": " 64767-000 a 64767-999"}
{"Localidade": "Campo Grande do Piau\u00ed", "Faixa de CEP": " 64578-000 a 64579-999"}
{"Localidade": "Campo Largo do Piau\u00ed", "Faixa de CEP": " 64148-000 a 64149-999"}
{"Localidade": "Campo Maior", "Faixa de CEP": " 64280-000 a 64282-999"}
{"Localidade": "Canavieira", "Faixa de CEP": " 64833-000 a 64834-999"}
{"Localidade": "Canto do Buriti", "Faixa de CEP": " 64890-000 a 64892-999"}
{"Localidade": "Capit\u00e3o de Campos", "Faixa de CEP": " 64270-000 a 64274-999"}
{"Localidade": "Capit\u00e3o Gerv\u00e1sio Oliveira", "Faixa de CEP": " 64763-000 a 64763-999"}
{"Localidade": "Caracol", "Faixa de CEP": " 64795-000 a 64797-999"}
{"Localidade": "Cara\u00fabas do Piau\u00ed", "Faixa de CEP": " 64233-000 a 64234-999"}
{"Localidade": "Caridade do Piau\u00ed", "Faixa de CEP": " 64590-000 a 64594-999"}
{"Localidade": "Castelo do Piau\u00ed", "Faixa de CEP": " 64340-000 a 64342-999"}
{"Localidade": "Caxing\u00f3", "Faixa de CEP": " 64228-000 a 64229-999"}
{"Localidade": "Cocal", "Faixa de CEP": " 64235-000 a 64237-999"}
{"Localidade": "Cocal de Telha", "Faixa de CEP": " 64278-000 a 64279-999"}
{"Localidade": "Cocal dos Alves", "Faixa de CEP": " 64238-000 a 64239-999"}
{"Localidade": "Coivaras", "Faixa de CEP": " 64335-000 a 64339-999"}
{"Localidade": "Col\u00f4nia do Gurgu\u00e9ia", "Faixa de CEP": " 64885-000 a 64889-999"}
{"Localidade": "Col\u00f4nia do Piau\u00ed", "Faixa de CEP": " 64516-000 a 64517-999"}
{"Localidade": "Concei\u00e7\u00e3o do Canind\u00e9", "Faixa de CEP": " 64740-000 a 64744-999"}
{"Localidade": "Coronel Jos\u00e9 Dias", "Faixa de CEP": " 64793-000 a 64794-999"}
{"Localidade": "Corrente", "Faixa de CEP": " 64980-000 a 64984-999"}
{"Localidade": "Cristal\u00e2ndia do Piau\u00ed", "Faixa de CEP": " 64995-000 a 64999-999"}
{"Localidade": "Cristino Castro", "Faixa de CEP": " 64920-000 a 64922-999"}
{"Localidade": "Curimat\u00e1", "Faixa de CEP": " 64960-000 a 64962-999"}
{"Localidade": "Currais", "Faixa de CEP": " 64905-000 a 64909-999"}
{"Localidade": "Curral Novo do Piau\u00ed", "Faixa de CEP": " 64595-000 a 64599-999"}
{"Localidade": "Curralinhos", "Faixa de CEP": " 64453-000 a 64454-999"}
{"Localidade": "Demerval Lob\u00e3o", "Faixa de CEP": " 64390-000 a 64394-999"}
{"Localidade": "Dirceu Arcoverde", "Faixa de CEP": " 64785-000 a 64787-999"}
{"Localidade": "Dom Expedito Lopes", "Faixa de CEP": " 64620-000 a 64624-999"}
{"Localidade": "Dom Inoc\u00eancio", "Faixa de CEP": " 64790-000 a 64792-999"}
{"Localidade": "Domingos Mour\u00e3o", "Faixa de CEP": " 64250-000 a 64252-999"}
{"Localidade": "Elesb\u00e3o Veloso", "Faixa de CEP": " 64325-000 a 64329-999"}
{"Localidade": "Eliseu Martins", "Faixa de CEP": " 64880-000 a 64884-999"}
{"Localidade": "Esperantina", "Faixa de CEP": " 64180-000 a 64189-999"}
{"Localidade": "Fartura do Piau\u00ed", "Faixa de CEP": " 64788-000 a 64789-999"}
{"Localidade": "Flores do Piau\u00ed", "Faixa de CEP": " 64815-000 a 64819-999"}
{"Localidade": "Floresta do Piau\u00ed", "Faixa de CEP": " 64563-000 a 64564-999"}
{"Localidade": "Floriano", "Faixa de CEP": " 64800-001 a 64814-999"}
{"Localidade": "Floriano", "Faixa de CEP": " 64800-001 a 64809-999"}
{"Localidade": "Francin\u00f3polis", "Faixa de CEP": " 64520-000 a 64524-999"}
{"Localidade": "Francisco Ayres", "Faixa de CEP": " 64475-000 a 64479-999"}
{"Localidade": "Francisco Macedo", "Faixa de CEP": " 64683-000 a 64684-999"}
{"Localidade": "Francisco Santos", "Faixa de CEP": " 64645-000 a 64649-999"}
{"Localidade": "Fronteiras", "Faixa de CEP": " 64690-000 a 64694-999"}
{"Localidade": "Geminiano", "Faixa de CEP": " 64613-000 a 64614-999"}
{"Localidade": "Gilbu\u00e9s", "Faixa de CEP": " 64930-000 a 64939-999"}
{"Localidade": "Guadalupe", "Faixa de CEP": " 64840-000 a 64844-999"}
{"Localidade": "Guaribas", "Faixa de CEP": " 64798-000 a 64799-999"}
{"Localidade": "Hugo Napole\u00e3o", "Faixa de CEP": " 64470-000 a 64474-999"}
{"Localidade": "Ilha Grande", "Faixa de CEP": " 64224-000 a 64224-999"}
{"Localidade": "Inhuma", "Faixa de CEP": " 64535-000 a 64539-999"}
{"Localidade": "Ipiranga do Piau\u00ed", "Faixa de CEP": " 64540-000 a 64544-999"}
{"Localidade": "Isa\u00edas Coelho", "Faixa de CEP": " 64570-000 a 64572-999"}
{"Localidade": "Itain\u00f3polis", "Faixa de CEP": " 64565-000 a 64567-999"}
{"Localidade": "Itaueira", "Faixa de CEP": " 64820-000 a 64824-999"}
