{"Localidade": "Angra dos Reis", "Faixa de CEP": " 23900-001 a 23969-999"}
{"Localidade": "Angra dos Reis", "Faixa de CEP": " 23900-001 a 23959-999"}
{"Localidade": "Aperib\u00e9", "Faixa de CEP": " 28495-000 a 28499-999"}
{"Localidade": "Araruama", "Faixa de CEP": " 28970-000 a 28989-999"}
{"Localidade": "Areal", "Faixa de CEP": " 25845-000 a 25849-999"}
{"Localidade": "Arma\u00e7\u00e3o dos B\u00fazios", "Faixa de CEP": " 28950-000 a 28959-999"}
{"Localidade": "Arraial do Cabo", "Faixa de CEP": " 28930-000 a 28939-999"}
{"Localidade": "Barra do Pira\u00ed", "Faixa de CEP": " 27000-001 a 27174-999"}
{"Localidade": "Barra do Pira\u00ed", "Faixa de CEP": " 27000-001 a 27150-999"}
{"Localidade": "Barra Mansa", "Faixa de CEP": " 27300-001 a 27399-999"}
{"Localidade": "Barra Mansa", "Faixa de CEP": " 27300-001 a 27399-999"}
{"Localidade": "Belford Roxo", "Faixa de CEP": " 26100-001 a 26199-999"}
{"Localidade": "Belford Roxo", "Faixa de CEP": " 26100-001 a 26199-999"}
{"Localidade": "Bom Jardim", "Faixa de CEP": " 28660-000 a 28679-999"}
{"Localidade": "Bom Jesus do Itabapoana", "Faixa de CEP": " 28360-000 a 28374-999"}
{"Localidade": "Cabo Frio", "Faixa de CEP": " 28900-001 a 28929-999"}
{"Localidade": "Cabo Frio", "Faixa de CEP": " 28900-001 a 28929-999"}
{"Localidade": "Cachoeiras de Macacu", "Faixa de CEP": " 28680-000 a 28699-999"}
{"Localidade": "Cambuci", "Faixa de CEP": " 28430-000 a 28454-999"}
{"Localidade": "Campos dos Goytacazes", "Faixa de CEP": " 28000-001 a 28179-999"}
{"Localidade": "Campos dos Goytacazes", "Faixa de CEP": " 28000-001 a 28099-999"}
{"Localidade": "Cantagalo", "Faixa de CEP": " 28500-000 a 28539-999"}
{"Localidade": "Carapebus", "Faixa de CEP": " 27998-000 a 27999-999"}
{"Localidade": "Cardoso Moreira", "Faixa de CEP": " 28180-000 a 28199-999"}
{"Localidade": "Carmo", "Faixa de CEP": " 28640-000 a 28649-999"}
{"Localidade": "Casimiro de Abreu", "Faixa de CEP": " 28860-000 a 28889-999"}
{"Localidade": "Comendador Levy Gasparian", "Faixa de CEP": " 25870-000 a 25879-999"}
{"Localidade": "Concei\u00e7\u00e3o de Macabu", "Faixa de CEP": " 28740-000 a 28749-999"}
{"Localidade": "Cordeiro", "Faixa de CEP": " 28540-000 a 28544-999"}
{"Localidade": "Duas Barras", "Faixa de CEP": " 28650-000 a 28659-999"}
{"Localidade": "Duque de Caxias", "Faixa de CEP": " 25000-001 a 25499-999"}
{"Localidade": "Duque de Caxias", "Faixa de CEP": " 25000-001 a 25499-999"}
{"Localidade": "Engenheiro Paulo de Frontin", "Faixa de CEP": " 26650-000 a 26699-999"}
{"Localidade": "Guapimirim", "Faixa de CEP": " 25940-001 a 25949-999"}
{"Localidade": "Guapimirim", "Faixa de CEP": " 25940-001 a 25949-999"}
{"Localidade": "Iguaba Grande", "Faixa de CEP": " 28960-000 a 28969-999"}
{"Localidade": "Itabora\u00ed", "Faixa de CEP": " 24800-001 a 24889-999"}
{"Localidade": "Itabora\u00ed", "Faixa de CEP": " 24800-001 a 24889-999"}
{"Localidade": "Itagua\u00ed", "Faixa de CEP": " 23800-001 a 23859-999"}
{"Localidade": "Itagua\u00ed", "Faixa de CEP": " 23800-001 a 23859-999"}
{"Localidade": "Italva", "Faixa de CEP": " 28250-000 a 28299-999"}
{"Localidade": "Itaocara", "Faixa de CEP": " 28570-000 a 28599-999"}
{"Localidade": "Itaperuna", "Faixa de CEP": " 28300-000 a 28349-999"}
{"Localidade": "Itatiaia", "Faixa de CEP": " 27580-000 a 27599-999"}
{"Localidade": "Japeri", "Faixa de CEP": " 26400-001 a 26499-999"}
{"Localidade": "Japeri", "Faixa de CEP": " 26400-001 a 26499-999"}
{"Localidade": "Laje do Muria\u00e9", "Faixa de CEP": " 28350-000 a 28359-999"}
{"Localidade": "Maca\u00e9", "Faixa de CEP": " 27900-001 a 27997-999"}
{"Localidade": "Maca\u00e9", "Faixa de CEP": " 27900-001 a 27979-999"}
{"Localidade": "Macuco", "Faixa de CEP": " 28545-000 a 28549-999"}
{"Localidade": "Mag\u00e9", "Faixa de CEP": " 25900-001 a 25939-999"}
{"Localidade": "Mag\u00e9", "Faixa de CEP": " 25900-001 a 25939-999"}
{"Localidade": "Mangaratiba", "Faixa de CEP": " 23860-000 a 23889-999"}
{"Localidade": "Maric\u00e1", "Faixa de CEP": " 24900-001 a 24999-999"}
{"Localidade": "Maric\u00e1", "Faixa de CEP": " 24900-001 a 24999-999"}
{"Localidade": "Mendes", "Faixa de CEP": " 26700-000 a 26899-999"}
{"Localidade": "Mesquita", "Faixa de CEP": " 26550-001 a 26599-999"}
{"Localidade": "Mesquita", "Faixa de CEP": " 26550-001 a 26599-999"}
{"Localidade": "Miguel Pereira", "Faixa de CEP": " 26900-000 a 26949-999"}
{"Localidade": "Miracema", "Faixa de CEP": " 28460-000 a 28469-999"}
{"Localidade": "Natividade", "Faixa de CEP": " 28380-000 a 28389-999"}
{"Localidade": "Nil\u00f3polis", "Faixa de CEP": " 26500-001 a 26549-999"}
{"Localidade": "Nil\u00f3polis", "Faixa de CEP": " 26500-001 a 26549-999"}
{"Localidade": "Niter\u00f3i", "Faixa de CEP": " 24000-001 a 24399-999"}
{"Localidade": "Niter\u00f3i", "Faixa de CEP": " 24000-001 a 24399-999"}
{"Localidade": "Nova Friburgo", "Faixa de CEP": " 28600-001 a 28636-999"}
{"Localidade": "Nova Friburgo", "Faixa de CEP": " 28600-001 a 28636-999"}
{"Localidade": "Nova Igua\u00e7u", "Faixa de CEP": " 26000-001 a 26099-999"}
{"Localidade": "Nova Igua\u00e7u", "Faixa de CEP": " 26200-000 a 26299-999"}
{"Localidade": "Nova Igua\u00e7u", "Faixa de CEP": " 26000-001 a 26099-999"}
{"Localidade": "Nova Igua\u00e7u", "Faixa de CEP": " 26200-000 a 26299-999"}
{"Localidade": "Paracambi", "Faixa de CEP": " 26600-000 a 26649-999"}
{"Localidade": "Para\u00edba do Sul", "Faixa de CEP": " 25850-000 a 25869-999"}
{"Localidade": "Paraty", "Faixa de CEP": " 23970-000 a 23999-999"}
{"Localidade": "Paty do Alferes", "Faixa de CEP": " 26950-000 a 26999-999"}
{"Localidade": "Petr\u00f3polis", "Faixa de CEP": " 25600-001 a 25779-999"}
{"Localidade": "Petr\u00f3polis", "Faixa de CEP": " 25600-001 a 25779-999"}
{"Localidade": "Pinheiral", "Faixa de CEP": " 27197-000 a 27199-999"}
{"Localidade": "Pira\u00ed", "Faixa de CEP": " 27175-000 a 27196-999"}
{"Localidade": "Porci\u00fancula", "Faixa de CEP": " 28390-000 a 28399-999"}
{"Localidade": "Porto Real", "Faixa de CEP": " 27570-000 a 27579-999"}
{"Localidade": "Quatis", "Faixa de CEP": " 27400-001 a 27459-999"}
{"Localidade": "Quatis", "Faixa de CEP": " 27400-001 a 27459-999"}
{"Localidade": "Queimados", "Faixa de CEP": " 26300-001 a 26399-999"}
{"Localidade": "Queimados", "Faixa de CEP": " 26300-001 a 26399-999"}
{"Localidade": "Quissam\u00e3", "Faixa de CEP": " 28735-000 a 28739-999"}
{"Localidade": "Resende", "Faixa de CEP": " 27500-001 a 27569-999"}
{"Localidade": "Resende", "Faixa de CEP": " 27500-001 a 27549-999"}
{"Localidade": "Rio Bonito", "Faixa de CEP": " 28800-000 a 28819-999"}
{"Localidade": "Rio Claro", "Faixa de CEP": " 27460-000 a 27499-999"}
{"Localidade": "Rio das Flores", "Faixa de CEP": " 27660-000 a 27699-999"}
{"Localidade": "Rio das Ostras", "Faixa de CEP": " 28890-001 a 28899-999"}
{"Localidade": "Rio das Ostras", "Faixa de CEP": " 28890-001 a 28899-999"}
{"Localidade": "Rio de Janeiro", "Faixa de CEP": " 20000-001 a 23799-999"}
{"Localidade": "Rio de Janeiro", "Faixa de CEP": " 20000-001 a 23799-999"}
{"Localidade": "Santa Maria Madalena", "Faixa de CEP": " 28770-000 a 28799-999"}
{"Localidade": "Santo Ant\u00f4nio de P\u00e1dua", "Faixa de CEP": " 28470-000 a 28494-999"}
{"Localidade": "S\u00e3o Fid\u00e9lis", "Faixa de CEP": " 28400-000 a 28429-999"}
{"Localidade": "S\u00e3o Francisco de Itabapoana", "Faixa de CEP": " 28230-000 a 28249-999"}
{"Localidade": "S\u00e3o Gon\u00e7alo", "Faixa de CEP": " 24400-001 a 24799-999"}
