{"Localidade": "Acegu\u00e1", "Faixa de CEP": " 96445-000 a 96449-999"}
{"Localidade": "\u00c1gua Santa", "Faixa de CEP": " 99965-000 a 99969-999"}
{"Localidade": "Agudo", "Faixa de CEP": " 96540-000 a 96544-999"}
{"Localidade": "Ajuricaba", "Faixa de CEP": " 98750-000 a 98757-999"}
{"Localidade": "Alecrim", "Faixa de CEP": " 98950-000 a 98954-999"}
{"Localidade": "Alegrete", "Faixa de CEP": " 97540-001 a 97559-999"}
{"Localidade": "Alegrete", "Faixa de CEP": " 97540-001 a 97551-999"}
{"Localidade": "Alegria", "Faixa de CEP": " 98905-000 a 98909-999"}
{"Localidade": "Almirante Tamandar\u00e9 do Sul", "Faixa de CEP": " 99523-000 a 99524-999"}
{"Localidade": "Alpestre", "Faixa de CEP": " 98480-000 a 98499-999"}
{"Localidade": "Alto Alegre", "Faixa de CEP": " 99430-000 a 99434-999"}
{"Localidade": "Alto Feliz", "Faixa de CEP": " 95773-000 a 95774-999"}
{"Localidade": "Alvorada", "Faixa de CEP": " 94800-001 a 94899-999"}
{"Localidade": "Alvorada", "Faixa de CEP": " 94800-001 a 94889-999"}
{"Localidade": "Amaral Ferrador", "Faixa de CEP": " 96635-000 a 96639-999"}
{"Localidade": "Ametista do Sul", "Faixa de CEP": " 98465-000 a 98469-999"}
{"Localidade": "Andr\u00e9 da Rocha", "Faixa de CEP": " 95310-000 a 95314-999"}
{"Localidade": "Anta Gorda", "Faixa de CEP": " 95980-000 a 95984-999"}
{"Localidade": "Ant\u00f4nio Prado", "Faixa de CEP": " 95250-000 a 95254-999"}
{"Localidade": "Arambar\u00e9", "Faixa de CEP": " 96178-000 a 96179-999"}
{"Localidade": "Araric\u00e1", "Faixa de CEP": " 93880-000 a 93889-999"}
{"Localidade": "Aratiba", "Faixa de CEP": " 99770-000 a 99789-999"}
{"Localidade": "Arroio do Meio", "Faixa de CEP": " 95940-000 a 95944-999"}
{"Localidade": "Arroio do Padre", "Faixa de CEP": " 96155-000 a 96159-999"}
{"Localidade": "Arroio do Sal", "Faixa de CEP": " 95585-000 a 95587-999"}
{"Localidade": "Arroio do Tigre", "Faixa de CEP": " 96950-000 a 96989-999"}
{"Localidade": "Arroio dos Ratos", "Faixa de CEP": " 96740-000 a 96744-999"}
{"Localidade": "Arroio Grande", "Faixa de CEP": " 96330-000 a 96359-999"}
{"Localidade": "Arvorezinha", "Faixa de CEP": " 95995-000 a 95996-999"}
{"Localidade": "Augusto Pestana", "Faixa de CEP": " 98740-000 a 98749-999"}
{"Localidade": "\u00c1urea", "Faixa de CEP": " 99835-000 a 99837-999"}
{"Localidade": "Bag\u00e9", "Faixa de CEP": " 96400-001 a 96444-999"}
{"Localidade": "Bag\u00e9", "Faixa de CEP": " 96400-001 a 96429-999"}
{"Localidade": "Balne\u00e1rio Pinhal", "Faixa de CEP": " 95599-000 a 95599-999"}
{"Localidade": "Bar\u00e3o", "Faixa de CEP": " 95730-000 a 95734-999"}
{"Localidade": "Bar\u00e3o de Cotegipe", "Faixa de CEP": " 99740-000 a 99749-999"}
{"Localidade": "Bar\u00e3o do Triunfo", "Faixa de CEP": " 96735-000 a 96739-999"}
{"Localidade": "Barra do Guarita", "Faixa de CEP": " 98530-000 a 98534-999"}
{"Localidade": "Barra do Quara\u00ed", "Faixa de CEP": " 97538-000 a 97539-999"}
{"Localidade": "Barra do Ribeiro", "Faixa de CEP": " 92870-000 a 92899-999"}
{"Localidade": "Barra do Rio Azul", "Faixa de CEP": " 99795-000 a 99799-999"}
{"Localidade": "Barra Funda", "Faixa de CEP": " 99585-000 a 99589-999"}
{"Localidade": "Barrac\u00e3o", "Faixa de CEP": " 95370-000 a 95379-999"}
{"Localidade": "Barros Cassal", "Faixa de CEP": " 99360-000 a 99369-999"}
{"Localidade": "Benjamin Constant do Sul", "Faixa de CEP": " 99650-000 a 99654-999"}
{"Localidade": "Bento Gon\u00e7alves", "Faixa de CEP": " 95700-001 a 95714-999"}
{"Localidade": "Bento Gon\u00e7alves", "Faixa de CEP": " 95700-001 a 95709-999"}
{"Localidade": "Boa Vista das Miss\u00f5es", "Faixa de CEP": " 98335-000 a 98337-999"}
{"Localidade": "Boa Vista do Buric\u00e1", "Faixa de CEP": " 98918-000 a 98918-999"}
{"Localidade": "Boa Vista do Cadeado", "Faixa de CEP": " 98118-000 a 98119-999"}
{"Localidade": "Boa Vista do Incra", "Faixa de CEP": " 98120-000 a 98124-999"}
{"Localidade": "Boa Vista do Sul", "Faixa de CEP": " 95727-000 a 95729-999"}
{"Localidade": "Bom Jesus", "Faixa de CEP": " 95290-000 a 95299-999"}
{"Localidade": "Bom Princ\u00edpio", "Faixa de CEP": " 95765-000 a 95767-999"}
{"Localidade": "Bom Progresso", "Faixa de CEP": " 98575-000 a 98579-999"}
{"Localidade": "Bom Retiro do Sul", "Faixa de CEP": " 95870-000 a 95874-999"}
{"Localidade": "Boqueir\u00e3o do Le\u00e3o", "Faixa de CEP": " 95920-000 a 95922-999"}
{"Localidade": "Bossoroca", "Faixa de CEP": " 97850-000 a 97869-999"}
{"Localidade": "Bozano", "Faixa de CEP": " 98733-000 a 98734-999"}
{"Localidade": "Braga", "Faixa de CEP": " 98560-000 a 98569-999"}
{"Localidade": "Brochier", "Faixa de CEP": " 95790-000 a 95792-999"}
{"Localidade": "Buti\u00e1", "Faixa de CEP": " 96750-000 a 96754-999"}
{"Localidade": "Ca\u00e7apava do Sul", "Faixa de CEP": " 96570-000 a 96589-999"}
{"Localidade": "Cacequi", "Faixa de CEP": " 97450-000 a 97499-999"}
{"Localidade": "Cachoeira do Sul", "Faixa de CEP": " 96500-001 a 96529-999"}
{"Localidade": "Cachoeira do Sul", "Faixa de CEP": " 96500-001 a 96510-999"}
{"Localidade": "Cachoeirinha", "Faixa de CEP": " 94900-001 a 94999-999"}
{"Localidade": "Cachoeirinha", "Faixa de CEP": " 94900-001 a 94999-999"}
{"Localidade": "Cacique Doble", "Faixa de CEP": " 99860-000 a 99869-999"}
{"Localidade": "Caibat\u00e9", "Faixa de CEP": " 97930-000 a 97934-999"}
{"Localidade": "Cai\u00e7ara", "Faixa de CEP": " 98440-000 a 98449-999"}
{"Localidade": "Camaqu\u00e3", "Faixa de CEP": " 96780-001 a 96799-999"}
{"Localidade": "Camaqu\u00e3", "Faixa de CEP": " 96780-001 a 96792-999"}
{"Localidade": "Camargo", "Faixa de CEP": " 99165-000 a 99169-999"}
{"Localidade": "Cambar\u00e1 do Sul", "Faixa de CEP": " 95480-000 a 95499-999"}
{"Localidade": "Campestre da Serra", "Faixa de CEP": " 95255-000 a 95259-999"}
{"Localidade": "Campina das Miss\u00f5es", "Faixa de CEP": " 98975-000 a 98979-999"}
{"Localidade": "Campinas do Sul", "Faixa de CEP": " 99660-000 a 99664-999"}
{"Localidade": "Campo Bom", "Faixa de CEP": " 93700-000 a 93799-999"}
{"Localidade": "Campo Novo", "Faixa de CEP": " 98570-000 a 98574-999"}
{"Localidade": "Campos Borges", "Faixa de CEP": " 99435-000 a 99439-999"}
{"Localidade": "Candel\u00e1ria", "Faixa de CEP": " 96930-000 a 96949-999"}
{"Localidade": "C\u00e2ndido God\u00f3i", "Faixa de CEP": " 98970-000 a 98974-999"}
{"Localidade": "Candiota", "Faixa de CEP": " 96495-000 a 96499-999"}
{"Localidade": "Canela", "Faixa de CEP": " 95680-000 a 95689-999"}
{"Localidade": "Cangu\u00e7u", "Faixa de CEP": " 96600-000 a 96609-999"}
{"Localidade": "Canoas", "Faixa de CEP": " 92000-001 a 92479-999"}
{"Localidade": "Canoas", "Faixa de CEP": " 92000-001 a 92449-999"}
{"Localidade": "Canudos do Vale", "Faixa de CEP": " 95933-000 a 95934-999"}
{"Localidade": "Cap\u00e3o Bonito do Sul", "Faixa de CEP": " 95308-000 a 95309-999"}
{"Localidade": "Cap\u00e3o da Canoa", "Faixa de CEP": " 95555-000 a 95559-999"}
{"Localidade": "Cap\u00e3o do Cip\u00f3", "Faixa de CEP": " 97753-000 a 97754-999"}
{"Localidade": "Cap\u00e3o do Le\u00e3o", "Faixa de CEP": " 96160-000 a 96169-999"}
{"Localidade": "Capela de Santana", "Faixa de CEP": " 95745-000 a 95747-999"}
{"Localidade": "Capit\u00e3o", "Faixa de CEP": " 95935-000 a 95936-999"}
{"Localidade": "Capivari do Sul", "Faixa de CEP": " 95552-000 a 95554-999"}
{"Localidade": "Cara\u00e1", "Faixa de CEP": " 95515-000 a 95519-999"}
{"Localidade": "Carazinho", "Faixa de CEP": " 99500-000 a 99522-999"}
{"Localidade": "Carlos Barbosa", "Faixa de CEP": " 95185-000 a 95189-999"}
{"Localidade": "Carlos Gomes", "Faixa de CEP": " 99825-000 a 99829-999"}
