{"Localidade": "Abdon Batista", "Faixa de CEP": " 89636-000 a 89637-999"}
{"Localidade": "Abelardo Luz", "Faixa de CEP": " 89830-000 a 89831-999"}
{"Localidade": "Agrol\u00e2ndia", "Faixa de CEP": " 88420-000 a 88429-999"}
{"Localidade": "Agron\u00f4mica", "Faixa de CEP": " 89188-000 a 89189-999"}
{"Localidade": "\u00c1gua Doce", "Faixa de CEP": " 89654-000 a 89659-999"}
{"Localidade": "\u00c1guas de Chapec\u00f3", "Faixa de CEP": " 89883-000 a 89884-999"}
{"Localidade": "\u00c1guas Frias", "Faixa de CEP": " 89843-000 a 89844-999"}
{"Localidade": "\u00c1guas Mornas", "Faixa de CEP": " 88150-000 a 88159-999"}
{"Localidade": "Alfredo Wagner", "Faixa de CEP": " 88450-000 a 88459-999"}
{"Localidade": "Alto Bela Vista", "Faixa de CEP": " 89730-000 a 89734-999"}
{"Localidade": "Anchieta", "Faixa de CEP": " 89970-000 a 89979-999"}
{"Localidade": "Angelina", "Faixa de CEP": " 88460-000 a 88469-999"}
{"Localidade": "Anita Garibaldi", "Faixa de CEP": " 88590-000 a 88597-999"}
{"Localidade": "Anit\u00e1polis", "Faixa de CEP": " 88475-000 a 88484-999"}
{"Localidade": "Ant\u00f4nio Carlos", "Faixa de CEP": " 88180-000 a 88189-999"}
{"Localidade": "Api\u00fana", "Faixa de CEP": " 89135-000 a 89135-999"}
{"Localidade": "Arabut\u00e3", "Faixa de CEP": " 89740-000 a 89744-999"}
{"Localidade": "Araquari", "Faixa de CEP": " 89245-000 a 89246-999"}
{"Localidade": "Ararangu\u00e1", "Faixa de CEP": " 88900-001 a 88913-999"}
{"Localidade": "Ararangu\u00e1", "Faixa de CEP": " 88900-001 a 88913-999"}
{"Localidade": "Armaz\u00e9m", "Faixa de CEP": " 88740-000 a 88744-999"}
{"Localidade": "Arroio Trinta", "Faixa de CEP": " 89590-000 a 89594-999"}
{"Localidade": "Arvoredo", "Faixa de CEP": " 89778-000 a 89779-999"}
{"Localidade": "Ascurra", "Faixa de CEP": " 89138-000 a 89139-999"}
{"Localidade": "Atalanta", "Faixa de CEP": " 88410-000 a 88419-999"}
{"Localidade": "Aurora", "Faixa de CEP": " 89186-000 a 89187-999"}
{"Localidade": "Balne\u00e1rio Arroio do Silva", "Faixa de CEP": " 88914-000 a 88914-999"}
{"Localidade": "Balne\u00e1rio Barra do Sul", "Faixa de CEP": " 89247-000 a 89247-999"}
{"Localidade": "Balne\u00e1rio Cambori\u00fa", "Faixa de CEP": " 88330-001 a 88339-999"}
{"Localidade": "Balne\u00e1rio Cambori\u00fa", "Faixa de CEP": " 88330-001 a 88339-999"}
{"Localidade": "Balne\u00e1rio Gaivota", "Faixa de CEP": " 88955-000 a 88959-999"}
{"Localidade": "Balne\u00e1rio Pi\u00e7arras", "Faixa de CEP": " 88380-000 a 88384-999"}
{"Localidade": "Balne\u00e1rio Rinc\u00e3o", "Faixa de CEP": " 88828-000 a 88829-999"}
{"Localidade": "Bandeirante", "Faixa de CEP": " 89905-000 a 89905-999"}
{"Localidade": "Barra Bonita", "Faixa de CEP": " 89909-000 a 89909-999"}
{"Localidade": "Barra Velha", "Faixa de CEP": " 88390-000 a 88394-999"}
{"Localidade": "Bela Vista do Toldo", "Faixa de CEP": " 89478-000 a 89479-999"}
{"Localidade": "Belmonte", "Faixa de CEP": " 89925-000 a 89929-999"}
{"Localidade": "Benedito Novo", "Faixa de CEP": " 89124-000 a 89125-999"}
{"Localidade": "Bigua\u00e7u", "Faixa de CEP": " 88160-001 a 88179-999"}
{"Localidade": "Bigua\u00e7u", "Faixa de CEP": " 88160-001 a 88169-999"}
{"Localidade": "Blumenau", "Faixa de CEP": " 89000-001 a 89079-999"}
{"Localidade": "Blumenau", "Faixa de CEP": " 89000-001 a 89079-999"}
{"Localidade": "Boca\u00edna do Sul", "Faixa de CEP": " 88538-000 a 88539-999"}
{"Localidade": "Bom Jardim da Serra", "Faixa de CEP": " 88640-000 a 88649-999"}
{"Localidade": "Bom Jesus", "Faixa de CEP": " 89824-000 a 89824-999"}
{"Localidade": "Bom Jesus do Oeste", "Faixa de CEP": " 89873-000 a 89873-999"}
{"Localidade": "Bom Retiro", "Faixa de CEP": " 88680-000 a 88699-999"}
{"Localidade": "Bombinhas", "Faixa de CEP": " 88215-000 a 88219-999"}
{"Localidade": "Botuver\u00e1", "Faixa de CEP": " 88295-000 a 88299-999"}
{"Localidade": "Bra\u00e7o do Norte", "Faixa de CEP": " 88750-000 a 88759-999"}
{"Localidade": "Bra\u00e7o do Trombudo", "Faixa de CEP": " 89178-000 a 89179-999"}
{"Localidade": "Brun\u00f3polis", "Faixa de CEP": " 89634-000 a 89635-999"}
{"Localidade": "Brusque", "Faixa de CEP": " 88350-001 a 88359-999"}
{"Localidade": "Brusque", "Faixa de CEP": " 88350-001 a 88359-999"}
{"Localidade": "Ca\u00e7ador", "Faixa de CEP": " 89500-001 a 89514-999"}
{"Localidade": "Ca\u00e7ador", "Faixa de CEP": " 89500-001 a 89514-999"}
{"Localidade": "Caibi", "Faixa de CEP": " 89888-000 a 89889-999"}
{"Localidade": "Calmon", "Faixa de CEP": " 89430-000 a 89439-999"}
{"Localidade": "Cambori\u00fa", "Faixa de CEP": " 88340-001 a 88349-999"}
{"Localidade": "Cambori\u00fa", "Faixa de CEP": " 88340-001 a 88349-999"}
{"Localidade": "Campo Alegre", "Faixa de CEP": " 89294-000 a 89294-999"}
{"Localidade": "Campo Belo do Sul", "Faixa de CEP": " 88580-000 a 88584-999"}
{"Localidade": "Campo Er\u00ea", "Faixa de CEP": " 89980-000 a 89980-999"}
{"Localidade": "Campos Novos", "Faixa de CEP": " 89620-000 a 89632-999"}
{"Localidade": "Canelinha", "Faixa de CEP": " 88230-000 a 88239-999"}
{"Localidade": "Canoinhas", "Faixa de CEP": " 89460-001 a 89477-999"}
{"Localidade": "Canoinhas", "Faixa de CEP": " 89460-001 a 89477-999"}
{"Localidade": "Cap\u00e3o Alto", "Faixa de CEP": " 88548-000 a 88549-999"}
{"Localidade": "Capinzal", "Faixa de CEP": " 89665-000 a 89666-999"}
{"Localidade": "Capivari de Baixo", "Faixa de CEP": " 88745-000 a 88749-999"}
{"Localidade": "Catanduvas", "Faixa de CEP": " 89670-000 a 89674-999"}
{"Localidade": "Caxambu do Sul", "Faixa de CEP": " 89880-000 a 89881-999"}
{"Localidade": "Celso Ramos", "Faixa de CEP": " 88598-000 a 88599-999"}
{"Localidade": "Cerro Negro", "Faixa de CEP": " 88585-000 a 88589-999"}
{"Localidade": "Chapad\u00e3o do Lageado", "Faixa de CEP": " 88407-000 a 88409-999"}
{"Localidade": "Chapec\u00f3", "Faixa de CEP": " 89800-001 a 89816-999"}
{"Localidade": "Chapec\u00f3", "Faixa de CEP": " 89800-001 a 89816-199"}
{"Localidade": "Cocal do Sul", "Faixa de CEP": " 88845-000 a 88849-999"}
{"Localidade": "Conc\u00f3rdia", "Faixa de CEP": " 89700-001 a 89729-999"}
{"Localidade": "Conc\u00f3rdia", "Faixa de CEP": " 89700-001 a 89715-999"}
{"Localidade": "Cordilheira Alta", "Faixa de CEP": " 89819-000 a 89819-999"}
{"Localidade": "Coronel Freitas", "Faixa de CEP": " 89840-000 a 89842-999"}
{"Localidade": "Coronel Martins", "Faixa de CEP": " 89837-000 a 89837-999"}
{"Localidade": "Correia Pinto", "Faixa de CEP": " 88535-000 a 88537-999"}
{"Localidade": "Corup\u00e1", "Faixa de CEP": " 89278-000 a 89279-999"}
{"Localidade": "Crici\u00fama", "Faixa de CEP": " 88800-001 a 88819-999"}
{"Localidade": "Crici\u00fama", "Faixa de CEP": " 88800-001 a 88819-999"}
{"Localidade": "Cunha Por\u00e3", "Faixa de CEP": " 89890-000 a 89890-999"}
{"Localidade": "Cunhata\u00ed", "Faixa de CEP": " 89886-000 a 89886-999"}
{"Localidade": "Curitibanos", "Faixa de CEP": " 89520-000 a 89529-999"}
{"Localidade": "Descanso", "Faixa de CEP": " 89910-000 a 89914-999"}
{"Localidade": "Dion\u00edsio Cerqueira", "Faixa de CEP": " 89950-000 a 89969-999"}
{"Localidade": "Dona Emma", "Faixa de CEP": " 89155-000 a 89156-999"}
{"Localidade": "Doutor Pedrinho", "Faixa de CEP": " 89126-000 a 89127-999"}
{"Localidade": "Entre Rios", "Faixa de CEP": " 89862-000 a 89864-999"}
{"Localidade": "Ermo", "Faixa de CEP": " 88935-000 a 88939-999"}
{"Localidade": "Erval Velho", "Faixa de CEP": " 89613-000 a 89617-999"}
{"Localidade": "Faxinal dos Guedes", "Faixa de CEP": " 89694-000 a 89699-999"}
{"Localidade": "Flor do Sert\u00e3o", "Faixa de CEP": " 89878-000 a 89878-999"}
