{"Localidade": "Adamantina", "Faixa de CEP": " 17800-000 a 17809-999"}
{"Localidade": "Adolfo", "Faixa de CEP": " 15230-000 a 15239-999"}
{"Localidade": "Agua\u00ed", "Faixa de CEP": " 13860-001 a 13869-999"}
{"Localidade": "Agua\u00ed", "Faixa de CEP": " 13860-001 a 13869-999"}
{"Localidade": "\u00c1guas da Prata", "Faixa de CEP": " 13890-000 a 13899-999"}
{"Localidade": "\u00c1guas de Lind\u00f3ia", "Faixa de CEP": " 13940-000 a 13949-999"}
{"Localidade": "\u00c1guas de Santa B\u00e1rbara", "Faixa de CEP": " 18770-000 a 18774-999"}
{"Localidade": "\u00c1guas de S\u00e3o Pedro", "Faixa de CEP": " 13525-001 a 13529-999"}
{"Localidade": "\u00c1guas de S\u00e3o Pedro", "Faixa de CEP": " 13528-001 a 13529-999"}
{"Localidade": "Agudos", "Faixa de CEP": " 17120-001 a 17149-999"}
{"Localidade": "Agudos", "Faixa de CEP": " 17120-001 a 17139-999"}
{"Localidade": "Alambari", "Faixa de CEP": " 18220-000 a 18224-999"}
{"Localidade": "Alfredo Marcondes", "Faixa de CEP": " 19180-000 a 19189-999"}
{"Localidade": "Altair", "Faixa de CEP": " 15430-000 a 15439-999"}
{"Localidade": "Altin\u00f3polis", "Faixa de CEP": " 14350-000 a 14389-999"}
{"Localidade": "Alto Alegre", "Faixa de CEP": " 16310-000 a 16339-999"}
{"Localidade": "Alum\u00ednio", "Faixa de CEP": " 18125-000 a 18129-999"}
{"Localidade": "\u00c1lvares Florence", "Faixa de CEP": " 15540-000 a 15549-999"}
{"Localidade": "\u00c1lvares Machado", "Faixa de CEP": " 19160-000 a 19179-999"}
{"Localidade": "\u00c1lvaro de Carvalho", "Faixa de CEP": " 17410-000 a 17419-999"}
{"Localidade": "Alvinl\u00e2ndia", "Faixa de CEP": " 17430-000 a 17439-999"}
{"Localidade": "Americana", "Faixa de CEP": " 13465-001 a 13479-999"}
{"Localidade": "Americana", "Faixa de CEP": " 13465-001 a 13479-999"}
{"Localidade": "Am\u00e9rico Brasiliense", "Faixa de CEP": " 14820-001 a 14824-999"}
{"Localidade": "Am\u00e9rico Brasiliense", "Faixa de CEP": " 14820-001 a 14824-999"}
{"Localidade": "Am\u00e9rico de Campos", "Faixa de CEP": " 15550-000 a 15559-999"}
{"Localidade": "Amparo", "Faixa de CEP": " 13900-001 a 13909-999"}
{"Localidade": "Amparo", "Faixa de CEP": " 13900-001 a 13909-999"}
{"Localidade": "Anal\u00e2ndia", "Faixa de CEP": " 13550-000 a 13559-999"}
{"Localidade": "Andradina", "Faixa de CEP": " 16900-001 a 16919-999"}
{"Localidade": "Andradina", "Faixa de CEP": " 16900-001 a 16914-999"}
{"Localidade": "Angatuba", "Faixa de CEP": " 18240-000 a 18244-999"}
{"Localidade": "Anhembi", "Faixa de CEP": " 18620-000 a 18639-999"}
{"Localidade": "Anhumas", "Faixa de CEP": " 19580-000 a 19589-999"}
{"Localidade": "Aparecida", "Faixa de CEP": " 12570-000 a 12579-999"}
{"Localidade": "Aparecida D'Oeste", "Faixa de CEP": " 15735-000 a 15739-999"}
{"Localidade": "Apia\u00ed", "Faixa de CEP": " 18320-000 a 18324-999"}
{"Localidade": "Ara\u00e7ariguama", "Faixa de CEP": " 18147-000 a 18149-999"}
{"Localidade": "Ara\u00e7atuba", "Faixa de CEP": " 16000-001 a 16129-999"}
{"Localidade": "Ara\u00e7atuba", "Faixa de CEP": " 16000-001 a 16129-999"}
{"Localidade": "Ara\u00e7oiaba da Serra", "Faixa de CEP": " 18190-000 a 18194-999"}
{"Localidade": "Aramina", "Faixa de CEP": " 14550-000 a 14569-999"}
{"Localidade": "Arandu", "Faixa de CEP": " 18710-001 a 18719-999"}
{"Localidade": "Arandu", "Faixa de CEP": " 18710-001 a 18719-999"}
{"Localidade": "Arape\u00ed", "Faixa de CEP": " 12870-000 a 12899-999"}
{"Localidade": "Araraquara", "Faixa de CEP": " 14800-001 a 14812-999"}
{"Localidade": "Araraquara", "Faixa de CEP": " 14800-001 a 14811-999"}
{"Localidade": "Araras", "Faixa de CEP": " 13600-001 a 13609-999"}
{"Localidade": "Araras", "Faixa de CEP": " 13600-001 a 13609-999"}
{"Localidade": "Arco-\u00cdris", "Faixa de CEP": " 17630-000 a 17649-999"}
{"Localidade": "Arealva", "Faixa de CEP": " 17160-000 a 17179-999"}
{"Localidade": "Areias", "Faixa de CEP": " 12820-000 a 12829-999"}
{"Localidade": "Arei\u00f3polis", "Faixa de CEP": " 18670-000 a 18674-999"}
{"Localidade": "Ariranha", "Faixa de CEP": " 15960-000 a 15969-999"}
{"Localidade": "Artur Nogueira", "Faixa de CEP": " 13160-001 a 13169-999"}
{"Localidade": "Artur Nogueira", "Faixa de CEP": " 13160-001 a 13169-999"}
{"Localidade": "Aruj\u00e1", "Faixa de CEP": " 07400-001 a 07499-999"}
{"Localidade": "Aruj\u00e1", "Faixa de CEP": " 07400-001 a 07499-999"}
{"Localidade": "Asp\u00e1sia", "Faixa de CEP": " 15763-000 a 15764-999"}
{"Localidade": "Assis", "Faixa de CEP": " 19800-001 a 19819-999"}
{"Localidade": "Assis", "Faixa de CEP": " 19800-001 a 19819-999"}
{"Localidade": "Atibaia", "Faixa de CEP": " 12940-001 a 12954-999"}
{"Localidade": "Atibaia", "Faixa de CEP": " 12940-001 a 12954-999"}
{"Localidade": "Auriflama", "Faixa de CEP": " 15350-000 a 15354-999"}
{"Localidade": "Ava\u00ed", "Faixa de CEP": " 16680-000 a 16699-999"}
{"Localidade": "Avanhandava", "Faixa de CEP": " 16360-000 a 16369-999"}
{"Localidade": "Avar\u00e9", "Faixa de CEP": " 18700-001 a 18709-999"}
{"Localidade": "Avar\u00e9", "Faixa de CEP": " 18700-001 a 18709-999"}
{"Localidade": "Bady Bassitt", "Faixa de CEP": " 15115-000 a 15119-999"}
{"Localidade": "Balbinos", "Faixa de CEP": " 16640-001 a 16649-999"}
{"Localidade": "Balbinos", "Faixa de CEP": " 16640-001 a 16649-999"}
{"Localidade": "B\u00e1lsamo", "Faixa de CEP": " 15140-000 a 15144-999"}
{"Localidade": "Bananal", "Faixa de CEP": " 12850-000 a 12869-999"}
{"Localidade": "Bar\u00e3o de Antonina", "Faixa de CEP": " 18490-000 a 18499-999"}
{"Localidade": "Barbosa", "Faixa de CEP": " 16350-000 a 16359-999"}
{"Localidade": "Bariri", "Faixa de CEP": " 17250-000 a 17259-999"}
{"Localidade": "Barra Bonita", "Faixa de CEP": " 17340-000 a 17349-999"}
{"Localidade": "Barra do Chap\u00e9u", "Faixa de CEP": " 18325-000 a 18329-999"}
{"Localidade": "Barra do Turvo", "Faixa de CEP": " 11955-000 a 11959-999"}
{"Localidade": "Barretos", "Faixa de CEP": " 14780-001 a 14789-999"}
{"Localidade": "Barretos", "Faixa de CEP": " 14780-001 a 14789-999"}
{"Localidade": "Barrinha", "Faixa de CEP": " 14860-000 a 14869-999"}
{"Localidade": "Barueri", "Faixa de CEP": " 06400-001 a 06499-999"}
{"Localidade": "Barueri", "Faixa de CEP": " 06400-001 a 06499-999"}
{"Localidade": "Bastos", "Faixa de CEP": " 17690-000 a 17699-999"}
{"Localidade": "Batatais", "Faixa de CEP": " 14300-001 a 14339-999"}
{"Localidade": "Batatais", "Faixa de CEP": " 14300-001 a 14319-999"}
{"Localidade": "Bauru", "Faixa de CEP": " 17000-001 a 17119-999"}
{"Localidade": "Bauru", "Faixa de CEP": " 17000-001 a 17110-999"}
{"Localidade": "Bebedouro", "Faixa de CEP": " 14700-001 a 14719-999"}
{"Localidade": "Bebedouro", "Faixa de CEP": " 14700-001 a 14718-999"}
{"Localidade": "Bento de Abreu", "Faixa de CEP": " 16790-000 a 16799-999"}
{"Localidade": "Bernardino de Campos", "Faixa de CEP": " 18960-000 a 18969-999"}
{"Localidade": "Bertioga", "Faixa de CEP": " 11250-001 a 11299-999"}
{"Localidade": "Bertioga", "Faixa de CEP": " 11250-001 a 11299-999"}
{"Localidade": "Bilac", "Faixa de CEP": " 16210-000 a 16219-999"}
{"Localidade": "Birig\u00fci", "Faixa de CEP": " 16200-001 a 16209-999"}
{"Localidade": "Birig\u00fci", "Faixa de CEP": " 16200-001 a 16209-999"}
{"Localidade": "Biritiba-Mirim", "Faixa de CEP": " 08940-000 a 08969-999"}
{"Localidade": "Boa Esperan\u00e7a do Sul", "Faixa de CEP": " 14930-000 a 14934-999"}
