{"Localidade": "Abreul\u00e2ndia", "Faixa de CEP": " 77693-000 a 77694-999"}
{"Localidade": "Aguiarn\u00f3polis", "Faixa de CEP": " 77908-000 a 77909-999"}
{"Localidade": "Alian\u00e7a do Tocantins", "Faixa de CEP": " 77455-000 a 77457-999"}
{"Localidade": "Almas", "Faixa de CEP": " 77310-000 a 77314-999"}
{"Localidade": "Alvorada", "Faixa de CEP": " 77480-000 a 77482-999"}
{"Localidade": "Anan\u00e1s", "Faixa de CEP": " 77890-000 a 77892-999"}
{"Localidade": "Angico", "Faixa de CEP": " 77905-000 a 77907-999"}
{"Localidade": "Aparecida do Rio Negro", "Faixa de CEP": " 77620-000 a 77629-999"}
{"Localidade": "Aragominas", "Faixa de CEP": " 77845-000 a 77847-999"}
{"Localidade": "Araguacema", "Faixa de CEP": " 77690-000 a 77692-999"}
{"Localidade": "Aragua\u00e7u", "Faixa de CEP": " 77475-000 a 77477-999"}
{"Localidade": "Aragua\u00edna", "Faixa de CEP": " 77800-001 a 77839-999"}
{"Localidade": "Aragua\u00edna", "Faixa de CEP": " 77800-001 a 77834-999"}
{"Localidade": "Araguan\u00e3", "Faixa de CEP": " 77855-000 a 77859-999"}
{"Localidade": "Araguatins", "Faixa de CEP": " 77950-000 a 77957-999"}
{"Localidade": "Arapoema", "Faixa de CEP": " 77780-000 a 77782-999"}
{"Localidade": "Arraias", "Faixa de CEP": " 77330-000 a 77349-999"}
{"Localidade": "Augustin\u00f3polis", "Faixa de CEP": " 77960-000 a 77969-999"}
{"Localidade": "Aurora do Tocantins", "Faixa de CEP": " 77325-000 a 77327-999"}
{"Localidade": "Axix\u00e1 do Tocantins", "Faixa de CEP": " 77930-000 a 77939-999"}
{"Localidade": "Baba\u00e7ul\u00e2ndia", "Faixa de CEP": " 77870-000 a 77879-999"}
{"Localidade": "Bandeirantes do Tocantins", "Faixa de CEP": " 77783-000 a 77784-999"}
{"Localidade": "Barra do Ouro", "Faixa de CEP": " 77765-000 a 77769-999"}
{"Localidade": "Barrol\u00e2ndia", "Faixa de CEP": " 77665-000 a 77669-999"}
{"Localidade": "Bernardo Say\u00e3o", "Faixa de CEP": " 77755-000 a 77759-999"}
{"Localidade": "Bom Jesus do Tocantins", "Faixa de CEP": " 77714-000 a 77715-999"}
{"Localidade": "Brasil\u00e2ndia do Tocantins", "Faixa de CEP": " 77735-000 a 77739-999"}
{"Localidade": "Brejinho de Nazar\u00e9", "Faixa de CEP": " 77560-000 a 77564-999"}
{"Localidade": "Buriti do Tocantins", "Faixa de CEP": " 77995-000 a 77999-999"}
{"Localidade": "Cachoeirinha", "Faixa de CEP": " 77915-000 a 77917-999"}
{"Localidade": "Campos Lindos", "Faixa de CEP": " 77777-000 a 77779-999"}
{"Localidade": "Cariri do Tocantins", "Faixa de CEP": " 77453-000 a 77454-999"}
{"Localidade": "Carmol\u00e2ndia", "Faixa de CEP": " 77840-000 a 77844-999"}
{"Localidade": "Carrasco Bonito", "Faixa de CEP": " 77985-000 a 77989-999"}
{"Localidade": "Caseara", "Faixa de CEP": " 77680-000 a 77684-999"}
{"Localidade": "Centen\u00e1rio", "Faixa de CEP": " 77723-000 a 77724-999"}
{"Localidade": "Chapada da Natividade", "Faixa de CEP": " 77378-000 a 77379-999"}
{"Localidade": "Chapada de Areia", "Faixa de CEP": " 77575-000 a 77579-999"}
{"Localidade": "Colinas do Tocantins", "Faixa de CEP": " 77760-000 a 77764-999"}
{"Localidade": "Colm\u00e9ia", "Faixa de CEP": " 77725-000 a 77729-999"}
{"Localidade": "Combinado", "Faixa de CEP": " 77350-000 a 77352-999"}
{"Localidade": "Concei\u00e7\u00e3o do Tocantins", "Faixa de CEP": " 77305-000 a 77307-999"}
{"Localidade": "Couto de Magalh\u00e3es", "Faixa de CEP": " 77750-000 a 77752-999"}
{"Localidade": "Cristal\u00e2ndia", "Faixa de CEP": " 77490-000 a 77492-999"}
{"Localidade": "Crix\u00e1s do Tocantins", "Faixa de CEP": " 77463-000 a 77464-999"}
{"Localidade": "Darcin\u00f3polis", "Faixa de CEP": " 77910-000 a 77912-999"}
{"Localidade": "Dian\u00f3polis", "Faixa de CEP": " 77300-000 a 77302-999"}
{"Localidade": "Divin\u00f3polis do Tocantins", "Faixa de CEP": " 77670-000 a 77672-999"}
{"Localidade": "Dois Irm\u00e3os do Tocantins", "Faixa de CEP": " 77685-000 a 77689-999"}
{"Localidade": "Duer\u00ea", "Faixa de CEP": " 77485-000 a 77489-999"}
{"Localidade": "Esperantina", "Faixa de CEP": " 77993-000 a 77994-999"}
{"Localidade": "F\u00e1tima", "Faixa de CEP": " 77555-000 a 77557-999"}
{"Localidade": "Figueir\u00f3polis", "Faixa de CEP": " 77465-000 a 77469-999"}
{"Localidade": "Filad\u00e9lfia", "Faixa de CEP": " 77795-000 a 77797-999"}
{"Localidade": "Formoso do Araguaia", "Faixa de CEP": " 77470-000 a 77474-999"}
{"Localidade": "Goianorte", "Faixa de CEP": " 77695-000 a 77699-999"}
{"Localidade": "Goiatins", "Faixa de CEP": " 77770-000 a 77776-999"}
{"Localidade": "Guara\u00ed", "Faixa de CEP": " 77700-000 a 77703-999"}
{"Localidade": "Gurupi", "Faixa de CEP": " 77400-001 a 77449-999"}
{"Localidade": "Gurupi", "Faixa de CEP": " 77400-001 a 77448-999"}
{"Localidade": "Ipueiras", "Faixa de CEP": " 77553-000 a 77554-999"}
{"Localidade": "Itacaj\u00e1", "Faixa de CEP": " 77720-000 a 77722-999"}
{"Localidade": "Itaguatins", "Faixa de CEP": " 77920-000 a 77924-999"}
{"Localidade": "Itapiratins", "Faixa de CEP": " 77718-000 a 77719-999"}
{"Localidade": "Itapor\u00e3 do Tocantins", "Faixa de CEP": " 77740-000 a 77742-999"}
{"Localidade": "Ja\u00fa do Tocantins", "Faixa de CEP": " 77450-000 a 77452-999"}
{"Localidade": "Juarina", "Faixa de CEP": " 77753-000 a 77754-999"}
{"Localidade": "Lagoa da Confus\u00e3o", "Faixa de CEP": " 77493-000 a 77494-999"}
{"Localidade": "Lagoa do Tocantins", "Faixa de CEP": " 77613-000 a 77614-999"}
{"Localidade": "Lajeado", "Faixa de CEP": " 77645-000 a 77649-999"}
{"Localidade": "Lavandeira", "Faixa de CEP": " 77328-000 a 77329-999"}
{"Localidade": "Lizarda", "Faixa de CEP": " 77630-000 a 77634-999"}
{"Localidade": "Luzin\u00f3polis", "Faixa de CEP": " 77903-000 a 77904-999"}
{"Localidade": "Marian\u00f3polis do Tocantins", "Faixa de CEP": " 77675-000 a 77679-999"}
{"Localidade": "Mateiros", "Faixa de CEP": " 77593-000 a 77599-999"}
{"Localidade": "Mauril\u00e2ndia do Tocantins", "Faixa de CEP": " 77918-000 a 77919-999"}
{"Localidade": "Miracema do Tocantins", "Faixa de CEP": " 77650-000 a 77654-999"}
{"Localidade": "Miranorte", "Faixa de CEP": " 77660-000 a 77664-999"}
{"Localidade": "Monte do Carmo", "Faixa de CEP": " 77585-000 a 77589-999"}
{"Localidade": "Monte Santo do Tocantins", "Faixa de CEP": " 77673-000 a 77674-999"}
{"Localidade": "Muricil\u00e2ndia", "Faixa de CEP": " 77850-000 a 77854-999"}
{"Localidade": "Natividade", "Faixa de CEP": " 77370-000 a 77374-999"}
{"Localidade": "Nazar\u00e9", "Faixa de CEP": " 77895-000 a 77899-999"}
{"Localidade": "Nova Olinda", "Faixa de CEP": " 77790-000 a 77794-999"}
{"Localidade": "Nova Rosal\u00e2ndia", "Faixa de CEP": " 77495-000 a 77499-999"}
{"Localidade": "Novo Acordo", "Faixa de CEP": " 77610-000 a 77612-999"}
{"Localidade": "Novo Alegre", "Faixa de CEP": " 77353-000 a 77359-999"}
{"Localidade": "Novo Jardim", "Faixa de CEP": " 77318-000 a 77319-999"}
{"Localidade": "Oliveira de F\u00e1tima", "Faixa de CEP": " 77558-000 a 77559-999"}
{"Localidade": "Palmas", "Faixa de CEP": " 77000-001 a 77299-999"}
{"Localidade": "Palmas", "Faixa de CEP": " 77000-001 a 77249-999"}
{"Localidade": "Palmeirante", "Faixa de CEP": " 77798-000 a 77799-999"}
{"Localidade": "Palmeiras do Tocantins", "Faixa de CEP": " 77913-000 a 77914-999"}
{"Localidade": "Palmeir\u00f3polis", "Faixa de CEP": " 77365-000 a 77367-999"}
{"Localidade": "Para\u00edso do Tocantins", "Faixa de CEP": " 77600-000 a 77602-999"}
{"Localidade": "Paran\u00e3", "Faixa de CEP": " 77360-000 a 77364-999"}
{"Localidade": "Pau D'Arco", "Faixa de CEP": " 77785-000 a 77789-999"}
{"Localidade": "Pedro Afonso", "Faixa de CEP": " 77710-000 a 77713-999"}
{"Localidade": "Peixe", "Faixa de CEP": " 77460-000 a 77462-999"}
{"Localidade": "Pequizeiro", "Faixa de CEP": " 77730-000 a 77732-999"}
